-- MySQL dump 10.16  Distrib 10.1.35-MariaDB, for Win32 (AMD64)
--
-- mysqldump -u admin123 -h localhost -p --databases testdb > backup123.sql
-- Host: localhost    Database: testdb
-- ------------------------------------------------------
-- Server version	10.1.35-MariaDB

/*!40101 SET @OLD_CHARACTER_SET_CLIENT=@@CHARACTER_SET_CLIENT */;
/*!40101 SET @OLD_CHARACTER_SET_RESULTS=@@CHARACTER_SET_RESULTS */;
/*!40101 SET @OLD_COLLATION_CONNECTION=@@COLLATION_CONNECTION */;
/*!40101 SET NAMES utf8 */;
/*!40103 SET @OLD_TIME_ZONE=@@TIME_ZONE */;
/*!40103 SET TIME_ZONE='+00:00' */;
/*!40014 SET @OLD_UNIQUE_CHECKS=@@UNIQUE_CHECKS, UNIQUE_CHECKS=0 */;
/*!40014 SET @OLD_FOREIGN_KEY_CHECKS=@@FOREIGN_KEY_CHECKS, FOREIGN_KEY_CHECKS=0 */;
/*!40101 SET @OLD_SQL_MODE=@@SQL_MODE, SQL_MODE='NO_AUTO_VALUE_ON_ZERO' */;
/*!40111 SET @OLD_SQL_NOTES=@@SQL_NOTES, SQL_NOTES=0 */;

--
-- Current Database: `testdb`
--

CREATE DATABASE /*!32312 IF NOT EXISTS*/ `testdb` /*!40100 DEFAULT CHARACTER SET utf8 COLLATE utf8_bin */;

USE `testdb`;

--
-- Table structure for table `age_group`
--

DROP TABLE IF EXISTS `age_group`;
/*!40101 SET @saved_cs_client     = @@character_set_client */;
/*!40101 SET character_set_client = utf8 */;
CREATE TABLE `age_group` (
  `category` varchar(4) COLLATE utf8_bin NOT NULL,
  `min_age` int(11) NOT NULL,
  `max_age` int(11) NOT NULL
) ENGINE=InnoDB DEFAULT CHARSET=utf8 COLLATE=utf8_bin;
/*!40101 SET character_set_client = @saved_cs_client */;

--
-- Dumping data for table `age_group`
--

LOCK TABLES `age_group` WRITE;
/*!40000 ALTER TABLE `age_group` DISABLE KEYS */;
INSERT INTO `age_group` VALUES ('SCH',0,14),('JB',15,16),('JA',17,18),('U23',19,22),('SEN',23,29),('A',30,39),('B',40,49),('C',50,59),('D',60,69),('E',70,79);
/*!40000 ALTER TABLE `age_group` ENABLE KEYS */;
UNLOCK TABLES;

--
-- Table structure for table `challenge`
--

DROP TABLE IF EXISTS `challenge`;
/*!40101 SET @saved_cs_client     = @@character_set_client */;
/*!40101 SET character_set_client = utf8 */;
CREATE TABLE `challenge` (
  `challenge_id` int(11) NOT NULL,
  `start_date` date NOT NULL,
  `end_date` date NOT NULL,
  PRIMARY KEY (`challenge_id`)
) ENGINE=InnoDB DEFAULT CHARSET=utf8 COLLATE=utf8_bin;
/*!40101 SET character_set_client = @saved_cs_client */;

--
-- Dumping data for table `challenge`
--

LOCK TABLES `challenge` WRITE;
/*!40000 ALTER TABLE `challenge` DISABLE KEYS */;
INSERT INTO `challenge` VALUES (12017,'2017-11-02','2017-11-06'),(22017,'2017-11-23','2017-11-27'),(32017,'2017-12-14','2017-12-18'),(42017,'2017-01-11','2017-01-15'),(52017,'2017-02-15','2017-02-19'),(62017,'2017-03-15','2017-03-19');
/*!40000 ALTER TABLE `challenge` ENABLE KEYS */;
UNLOCK TABLES;

--
-- Table structure for table `club`
--

DROP TABLE IF EXISTS `club`;
/*!40101 SET @saved_cs_client     = @@character_set_client */;
/*!40101 SET character_set_client = utf8 */;
CREATE TABLE `club` (
  `email` varchar(64) COLLATE utf8_bin NOT NULL,
  `contraction` varchar(5) COLLATE utf8_bin NOT NULL,
  `name` varchar(128) COLLATE utf8_bin NOT NULL,
  PRIMARY KEY (`contraction`)
) ENGINE=InnoDB DEFAULT CHARSET=utf8 COLLATE=utf8_bin;
/*!40101 SET character_set_client = @saved_cs_client */;

--
-- Dumping data for table `club`
--

LOCK TABLES `club` WRITE;
/*!40000 ALTER TABLE `club` DISABLE KEYS */;
INSERT INTO `club` VALUES ('ALE@nomail.com','ALE','Alemannia Korneuburg'),('APST@nomail.com','APST','Austrian Police Sport Team'),('ARG@nomail.com','ARG','Argonauten Wien'),('ASC@nomail.com','ASC','Ausdauersportclub Armada'),('CVK@nomail.com','CVK','CVK Brno Slovakia'),('DBU@nomail.com','DBU','Donaubund'),('DHO@nomail.com','DHO','Donauhort'),('DOW@nomail.com','DOW','Donau Wien'),('ELL@nomail.com','ELL','Ellida Wien'),('ESV@nomail.com','ESV','Eisenbahn Sportverein Schm?ckwitz Germany'),('FRI@nomail.com','FRI','Friesen Wien'),('GRC@nomail.com','GRC','Galway Rowing Club Irland'),('GYAC@nomail.com','GYAC','Gy?ri Atl?tikai Club-Evez?s Szakoszt?ly Hungaria'),('IST@nomail.com','IST','ISTER Linz'),('LIA@nomail.com','LIA','LIA Wien'),('M72@nomail.com','M72','RGM 72 M?nchen Germany'),('M?V@nomail.com','M?V','Move Salzburg'),('MON@nomail.com','MON','Mondsee'),('test@test.at','MRR','Max Rudern'),('NN@nomail.com','NN','Without Club'),('OEA@nomail.com','OEA','OEA-NAB Greece'),('PIR@nomail.com','PIR','Pirat Wien'),('RGG@nomail.com','RGG','Ruder Gesellschaft Gr?nau Germany'),('RUM@nomail.com','RUM','Ruderunion Melk'),('RVP@nomail.com','RVP','RV Prien am Chiemsee, Germany'),('SCBK@nomail.com','SCBK','SC Berlin K?penick Germany'),('STE@nomail.com','STE','Steiner Ruder Club'),('TUL@nomail.com','TUL','Tullner Ruderverein'),('VKV@nomail.com','VKV','VK Velenje Sovenia'),('VKZ@nomail.com','VKZ','VK Zagreb Croatia'),('VVF@nomail.com','VVF','VVF Ravalico Triest Italy'),('WAL@nomail.com','WAL','?sterr. Sportunion Wallsee');
/*!40000 ALTER TABLE `club` ENABLE KEYS */;
UNLOCK TABLES;

--
-- Table structure for table `language`
--

DROP TABLE IF EXISTS `language`;
/*!40101 SET @saved_cs_client     = @@character_set_client */;
/*!40101 SET character_set_client = utf8 */;
CREATE TABLE `language` (
  `term` varchar(64) COLLATE utf8_bin NOT NULL,
  `english` varchar(256) COLLATE utf8_bin NOT NULL,
  `german` varchar(256) COLLATE utf8_bin NOT NULL
) ENGINE=InnoDB DEFAULT CHARSET=utf8 COLLATE=utf8_bin;
/*!40101 SET character_set_client = @saved_cs_client */;

--
-- Dumping data for table `language`
--

LOCK TABLES `language` WRITE;
/*!40000 ALTER TABLE `language` DISABLE KEYS */;
/*!40000 ALTER TABLE `language` ENABLE KEYS */;
UNLOCK TABLES;

--
-- Table structure for table `participant`
--

DROP TABLE IF EXISTS `participant`;
/*!40101 SET @saved_cs_client     = @@character_set_client */;
/*!40101 SET character_set_client = utf8 */;
CREATE TABLE `participant` (
  `email` varchar(128) CHARACTER SET utf8 COLLATE utf8_unicode_ci NOT NULL,
  `first_name` varchar(64) COLLATE utf8_bin NOT NULL,
  `last_name` varchar(64) COLLATE utf8_bin NOT NULL,
  `date_of_birth` date NOT NULL,
  `gender` varchar(1) COLLATE utf8_bin NOT NULL,
  `club` varchar(5) COLLATE utf8_bin NOT NULL,
  `weight` int(11) DEFAULT NULL,
  PRIMARY KEY (`email`),
  KEY `club` (`club`),
  CONSTRAINT `participant_ibfk_1` FOREIGN KEY (`club`) REFERENCES `club` (`contraction`)
) ENGINE=InnoDB DEFAULT CHARSET=utf8 COLLATE=utf8_bin;
/*!40101 SET character_set_client = @saved_cs_client */;

--
-- Dumping data for table `participant`
--

LOCK TABLES `participant` WRITE;
/*!40000 ALTER TABLE `participant` DISABLE KEYS */;
INSERT INTO `participant` VALUES ('Adrian.REININGER@nomail.com','Adrian','REININGER','2000-01-01','M','IST',85),('Aedal.ROSZKOWSKY@nomail.com','Aedal','ROSZKOWSKY','1984-01-01','F','LIA',60),('Albert.BANDERA@nomail.com','Albert','BANDERA','1946-01-01','M','DOW',85),('Aleks.SVETINA@nomail.com','Aleks','SVETINA','2005-01-01','M','LIA',52),('Alessandro.CONDORELLI@nomail.com','Alessandro','CONDORELLI','2002-01-01','M','LIA',65),('Alex.FARKAS@nomail.com','Alex','FARKAS','1973-01-01','M','PIR',76),('Alex.NEUWIRTH@nomail.com','Alex','NEUWIRTH','2002-01-01','M','TUL',51),('Alex.ROLLER@nomail.com','Alex','ROLLER','1972-01-01','M','DOW',78),('Alex.STOYANOV@nomail.com','Alex','STOYANOV','2005-01-01','M','TUL',48),('Alexander.BANFIELD-MUMB@nomail.com','Alexander','BANFIELD-MUMB','1981-01-01','M','DBU',79),('Alexander.BUCHINGER@nomail.com','Alexander','BUCHINGER','1975-01-01','M','LIA',88),('Alexander.FINSTER@nomail.com','Alexander','FINSTER','1999-01-01','M','LIA',95),('Alexander.KELEMEN@nomail.com','Alexander','KELEMEN','1991-01-01','M','LIA',70),('Alexander.KRATZER@nomail.com','Alexander','KRATZER','1986-01-01','M','LIA',77),('Alexander.MACHECK@nomail.com','Alexander','MACHECK','1966-01-01','M','LIA',88),('Alexander.RAAB@nomail.com','Alexander','RAAB','1966-01-01','M','RUM',75),('Alexander.SCHLOSS@nomail.com','Alexander','SCHLOSS','1980-01-01','M','LIA',78),('Alexander.WEIGL@nomail.com','Alexander','WEIGL','1967-01-01','M','IST',82),('Alexandra.LEHRER@nomail.com','Alexandra','LEHRER','1968-01-01','F','LIA',68),('Alexandra.WITTMANN@nomail.com','Alexandra','WITTMANN','1986-01-01','F','DOW',69),('Alexandra.Z?LLSDORF@nomail.com','Alexandra','Z?LLSDORF','1979-01-01','F','RGG',-1),('Alfred.BOLZHUBER@nomail.com','Alfred','BOLZHUBER','1944-01-01','M','DOW',85),('Ali.GAGARINA@nomail.com','Ali','GAGARINA','2003-01-01','M','LIA',-1),('Alois.LEHBAUER@nomail.com','Alois','LEHBAUER','1952-01-01','M','LIA',74),('Andrea.CHRIST@nomail.com','Andrea','CHRIST','1971-01-01','F','ARG',67),('Andrea.FRAUNSCHIEL@nomail.com','Andrea','FRAUNSCHIEL','1978-01-01','F','DBU',-1),('Andrea.SAUBERER@nomail.com','Andrea','SAUBERER','1966-01-01','F','DOW',66),('Andreas.ALTENHUBER@nomail.com','Andreas','ALTENHUBER','1958-01-01','M','LIA',91),('Andreas.BERTAGNOLI@nomail.com','Andreas','BERTAGNOLI','2008-01-01','M','DOW',28),('Andreas.BERTHOLD@nomail.com','Andreas','BERTHOLD','1972-01-01','M','DOW',80),('Andreas.KRAL@nomail.com','Andreas','KRAL','1961-01-01','M','DBU',84),('Angela.PENKNER@nomail.com','Angela','PENKNER','1982-01-01','F','DOW',83),('Angela.SCHMID-PEISCHL@nomail.com','Angela','SCHMID-PEISCHL','1969-01-01','F','LIA',56),('Angela.SELIC@nomail.com','Angela','SELIC','2000-01-01','F','DOW',79),('Anja.CAKARA@nomail.com','Anja','CAKARA','1990-01-01','F','DOW',67),('Anna.AMBROZY@nomail.com','Anna','AMBROZY','1995-01-01','F','LIA',62),('Anna.SCH?FER@nomail.com','Anna','SCH?FER','2001-01-01','F','DOW',54),('Anna.ZUSER@nomail.com','Anna','ZUSER','1955-01-01','F','LIA',54),('Anne.M?CK@nomail.com','Anne','M?CK','1981-01-01','F','TUL',57),('Annemarie.GOLDSCHMIED@nomail.com','Annemarie','GOLDSCHMIED','1955-01-01','F','LIA',65),('Annika.KERN@nomail.com','Annika','KERN','1998-01-01','F','DOW',62),('Ante.MURER@nomail.com','Ante','MURER','1982-01-01','M','VKZ',-1),('Antonis.GITSAS@nomail.com','Antonis','GITSAS','1981-01-01','M','IST',75),('Armin.KNAUTE@nomail.com','Armin','KNAUTE','1975-01-01','M','DBU',71),('Arno.K?PPLINGER@nomail.com','Arno','K?PPLINGER','1958-01-01','M','DOW',72),('Astrid.TIEFENBACHER@nomail.com','Astrid','TIEFENBACHER','1963-01-01','F','LIA',62),('Attila.SECHSLEHNER@nomail.com','Attila','SECHSLEHNER','1992-01-01','M','TUL',79),('Barbara.KUSTER@nomail.com','Barbara','KUSTER','1965-01-01','F','DOW',84),('Barbara.LUNG@nomail.com','Barbara','LUNG','1969-01-01','F','ELL',72),('Bendeguz.BIRO@nomail.com','Bendeguz','BIRO','1972-01-01','M','GYAC',81),('Bendikt.NEPPL@nomail.com','Bendikt','NEPPL','1999-01-01','M','LIA',86),('Benjamin.METZ@nomail.com','Benjamin','METZ','2001-01-01','M','DOW',65),('Benjamin.SVETINA@nomail.com','Benjamin','SVETINA','2002-01-01','M','LIA',62),('Bernd.SCHAFFER@nomail.com','Bernd','SCHAFFER','1974-01-01','M','RUM',-1),('Berndt.QUERFELD@nomail.com','Berndt','QUERFELD','1966-01-01','M','LIA',100),('Bernhard.PLATTER@nomail.com','Bernhard','PLATTER','1981-01-01','M','DOW',73),('Bernhard.SCHIRK@nomail.com','Bernhard','SCHIRK','1987-01-01','M','PIR',90),('Bernhard.VAGO@nomail.com','Bernhard','VAGO','1996-01-01','M','LIA',105),('Birgit.NEUWIRTH@nomail.com','Birgit','NEUWIRTH','1973-01-01','F','DBU',66),('Birgit.P?HRINGER@nomail.com','Birgit','P?HRINGER','1989-01-01','F','IST',75),('Birgit.STEININGER@nomail.com','Birgit','STEININGER','1967-01-01','F','ALE',66),('Bj?rn.BIELEC@nomail.com','Bj?rn','BIELEC','1987-01-01','M','DOW',73),('Brian.LINDNER@nomail.com','Brian','LINDNER','2000-01-01','M','IST',50),('Brigitte.MOSER-KMEN@nomail.com','Brigitte','MOSER-KMEN','1960-01-01','F','DOW',74),('Bruno.BACHMAIR@nomail.com','Bruno','BACHMAIR','1997-01-01','M','LIA',91),('Bruno.ROBIBARO@nomail.com','Bruno','ROBIBARO','1965-01-01','M','LIA',75),('Callum.B?HLER@nomail.com','Callum','B?HLER','1991-01-01','M','LIA',74),('Carina.TEXL@nomail.com','Carina','TEXL','1981-01-01','F','LIA',-1),('Caro.BUZZI@nomail.com','Caro','BUZZI','1996-01-01','F','LIA',66),('Carola.KORBES@nomail.com','Carola','KORBES','1965-01-01','F','DBU',-1),('Caroline.ARNDORFER@nomail.com','Caroline','ARNDORFER','2001-01-01','F','LIA',58),('Catherine.GENTIL@nomail.com','Catherine','GENTIL','1961-01-01','F','LIA',80),('Christa.ZEITLHOFER@nomail.com','Christa','ZEITLHOFER','1964-01-01','F','ASC',70),('Christian.ANTON@nomail.com','Christian','ANTON','1983-01-01','M','LIA',90),('Christian.ARTNER@nomail.com','Christian','ARTNER','1987-01-01','M','DOW',87),('Christian.GARH?FER@nomail.com','Christian','GARH?FER','1978-01-01','M','DBU',83),('Christian.H?GL@nomail.com','Christian','H?GL','1973-01-01','M','TUL',-1),('Christian.K?NIGSHOFER@nomail.com','Christian','K?NIGSHOFER','1971-01-01','M','WAL',78),('Christian.K?SSL@nomail.com','Christian','K?SSL','1962-01-01','M','M72',-1),('Christian.KORBES@nomail.com','Christian','KORBES','1963-01-01','M','DBU',-1),('Christian.P?HRINGER@nomail.com','Christian','P?HRINGER','1991-01-01','M','LIA',94),('Christian.RABEL@nomail.com','Christian','RABEL','1985-01-01','M','LIA',80),('Christian.SCHRAMM@nomail.com','Christian','SCHRAMM','1962-01-01','M','IST',80),('Christina.RADLHERR@nomail.com','Christina','RADLHERR','1997-01-01','F','LIA',53),('Christine.ACKERL@nomail.com','Christine','ACKERL','1965-01-01','F','IST',57),('Christine.ROBICSEK@nomail.com','Christine','ROBICSEK','1961-01-01','F','PIR',52),('Christoph.KICKER@nomail.com','Christoph','KICKER','2001-01-01','M','DOW',64),('Christoph.SEIFRIEDSBERGER@nomail.com','Christoph','SEIFRIEDSBERGER','1996-01-01','M','LIA',92),('Christopher.PETRI@nomail.com','Christopher','PETRI','1999-01-01','M','DOW',73),('Clara.BERGER@nomail.com','Clara','BERGER','2002-01-01','F','RUM',58),('Clara.BURGSTALLER@nomail.com','Clara','BURGSTALLER','1996-01-01','F','DOW',57),('Claudia.FRAUNSCHIEL@nomail.com','Claudia','FRAUNSCHIEL','1978-01-01','F','DBU',-1),('Claudia.GIACOMAZZI@nomail.com','Claudia','GIACOMAZZI','1964-01-01','F','VVF',60),('Claudia.SCHIEFER@nomail.com','Claudia','SCHIEFER','1965-01-01','F','DOW',72),('Claudia.STUBY@nomail.com','Claudia','STUBY','1977-01-01','F','LIA',77),('Claudia.WIENERT@nomail.com','Claudia','WIENERT','1971-01-01','F','LIA',65),('Clemens.B?HMER@nomail.com','Clemens','B?HMER','1977-01-01','M','LIA',85),('Clemens.L?FFLER@nomail.com','Clemens','L?FFLER','1979-01-01','M','FRI',67),('D..HERNETH-MACHECK@nomail.com','D.','HERNETH-MACHECK','1973-01-01','F','LIA',70),('Dani.BANDERA@nomail.com','Dani','BANDERA','1980-01-01','F','DOW',77),('Daniel.BERTHOLD@nomail.com','Daniel','BERTHOLD','2003-01-01','M','DOW',46),('Daniel.HAAS@nomail.com','Daniel','HAAS','1984-01-01','M','IST',85),('Daniel.SIEGL@nomail.com','Daniel','SIEGL','1997-01-01','M','LIA',73),('Daniel.WAGNER@nomail.com','Daniel','WAGNER','2004-01-01','M','LIA',52),('David.DIEL@nomail.com','David','DIEL','1994-01-01','M','LIA',83),('David.ERKINGER@nomail.com','David','ERKINGER','1997-01-01','M','DHO',76),('David.MICHELER@nomail.com','David','MICHELER','1982-01-01','M','RUM',73),('David.NEUBAUER@nomail.com','David','NEUBAUER','1981-01-01','M','DOW',70),('Davor.SLADOJE@nomail.com','Davor','SLADOJE','1985-01-01','M','DOW',78),('Debby.JAUTZKE@nomail.com','Debby','JAUTZKE','1994-01-01','F','RGG',-1),('Denis.KEGL@nomail.com','Denis','KEGL','1994-01-01','M','LIA',85),('Dieter.BOYER@nomail.com','Dieter','BOYER','1971-01-01','M','LIA',108),('Dieter.HOLZER@nomail.com','Dieter','HOLZER','1973-01-01','M','DOW',-1),('Dietmar.PUDER@nomail.com','Dietmar','PUDER','1955-01-01','M','RGG',-1),('Dirk.SEWOHL@nomail.com','Dirk','SEWOHL','1983-01-01','M','RGG',93),('Disa.MEDWED@nomail.com','Disa','MEDWED','1957-01-01','F','LIA',60),('Doris.BREMBERGER@nomail.com','Doris','BREMBERGER','1971-01-01','F','DOW',77),('Doris.DINTNER@nomail.com','Doris','DINTNER','1960-01-01','F','ELL',70),('Doris.HERMANN@nomail.com','Doris','HERMANN','1956-01-01','F','LIA',52),('Doris.PENNETZDORFER@nomail.com','Doris','PENNETZDORFER','1972-01-01','F','TUL',68),('Doris.SANDH?UGL@nomail.com','Doris','SANDH?UGL','1952-01-01','F','LIA',65),('Doris.SCHREMSER@nomail.com','Doris','SCHREMSER','1962-01-01','F','DOW',64),('Dorothea.RUDOLPH@nomail.com','Dorothea','RUDOLPH','1967-01-01','F','LIA',61),('Dzenita.HASAGIC@nomail.com','Dzenita','HASAGIC','1977-01-01','F','DBU',63),('Edi.RUF@nomail.com','Edi','RUF','1952-01-01','M','LIA',82),('Edward.MIASNIKOV@nomail.com','Edward','MIASNIKOV','2002-01-01','M','LIA',70),('Edwin.BOYER@nomail.com','Edwin','BOYER','1968-01-01','M','DBU',106),('Elena.LEHRER@nomail.com','Elena','LEHRER','2003-01-01','F','LIA',65),('Elfriede.STUMPTNER@nomail.com','Elfriede','STUMPTNER','1961-01-01','F','IST',-1),('Eli.ZOHMANN@nomail.com','Eli','ZOHMANN','1998-01-01','F','DBU',-1),('Elisabeth.BERGER@nomail.com','Elisabeth','BERGER','1961-01-01','F','RUM',69),('Elisabeth.CZICZEK@nomail.com','Elisabeth','CZICZEK','1953-01-01','F','LIA',73),('Elisabeth.NEPPL@nomail.com','Elisabeth','NEPPL','1969-01-01','F','DOW',-1),('Elisabeth.REITHER@nomail.com','Elisabeth','REITHER','1984-01-01','F','DOW',56),('Elke.NIGL-EDER@nomail.com','Elke','NIGL-EDER','1974-01-01','F','IST',66),('Ellen.B?LL@nomail.com','Ellen','B?LL','1966-01-01','F','LIA',85),('Elmira.BERTAGNOLI@nomail.com','Elmira','BERTAGNOLI','1982-01-01','F','DOW',54),('Elo.RESCH-PILCIK@nomail.com','Elo','RESCH-PILCIK','1961-01-01','F','LIA',75),('Elvira.THONHOFER@nomail.com','Elvira','THONHOFER','1984-01-01','F','PIR',85),('Emily.BERTAGNOLI@nomail.com','Emily','BERTAGNOLI','2010-01-01','F','DOW',24),('Erhard.SELIGER@nomail.com','Erhard','SELIGER','1963-01-01','M','ELL',78),('Eric.FREY@nomail.com','Eric','FREY','1963-01-01','M','DBU',67),('Erich.RIEDER@nomail.com','Erich','RIEDER','1960-01-01','M','DBU',95),('Erich.TAXER@nomail.com','Erich','TAXER','1965-01-01','M','DBU',-1),('Erika.PRINZ@nomail.com','Erika','PRINZ','1973-01-01','F','MON',74),('Ernst.CHOWANETZ@nomail.com','Ernst','CHOWANETZ','1943-01-01','M','LIA',79),('Erwin.HUBER@nomail.com','Erwin','HUBER','1975-01-01','M','LIA',74),('Esther.SAUER@nomail.com','Esther','SAUER','1968-01-01','F','DOW',72),('Eszter.HAUER@nomail.com','Eszter','HAUER','1970-01-01','F','RVP',58),('Eugen.HRDELICKA@nomail.com','Eugen','HRDELICKA','1961-01-01','M','DBU',-1),('Eva-Maria.KRATZER@nomail.com','Eva-Maria','KRATZER','1954-01-01','F','LIA',73),('Eva.HAUER-PAVLIK@nomail.com','Eva','HAUER-PAVLIK','1966-01-01','F','ARG',57),('Eva.LEDERER@nomail.com','Eva','LEDERER','1984-01-01','F','DOW',75),('Eva.LEONHARTSBERGER@nomail.com','Eva','LEONHARTSBERGER','1958-01-01','F','DBU',-1),('Eva.NYMAN@nomail.com','Eva','NYMAN','1988-01-01','F','DOW',83),('Fabian.LAHRZ@nomail.com','Fabian','LAHRZ','1978-01-01','M','PIR',89),('Felix.GANSTER@nomail.com','Felix','GANSTER','2002-01-01','M','LIA',-1),('Felix.KERRES@nomail.com','Felix','KERRES','1979-01-01','M','DOW',79),('Felix.MUSTERMAN@nomail.com','Felix','MUSTERMAN','2004-01-01','M','DBU',-1),('Ferdinand.QUERFELD@nomail.com','Ferdinand','QUERFELD','1996-01-01','M','LIA',109),('Florian.HALMETSCHLEGER@nomail.com','Florian','HALMETSCHLEGER','1992-01-01','M','DBU',73),('Florian.NIMMERVOLL@nomail.com','Florian','NIMMERVOLL','1981-01-01','M','IST',-1),('Florian.WIENERT@nomail.com','Florian','WIENERT','2002-01-01','M','LIA',75),('Franz.GRATSCH@nomail.com','Franz','GRATSCH','1961-01-01','M','TUL',98),('Franz.RANSMAYR@nomail.com','Franz','RANSMAYR','1952-01-01','M','IST',92),('Franziska.HOELL@nomail.com','Franziska','HOELL','1994-01-01','F','DOW',65),('Fritz.RING@nomail.com','Fritz','RING','1943-01-01','M','DOW',62),('G?nter.WOCH@nomail.com','G?nter','WOCH','1939-01-01','M','ELL',86),('G?nther.FADERBAUER@nomail.com','G?nther','FADERBAUER','1940-01-01','M','LIA',88),('G?nther.WOLF@nomail.com','G?nther','WOLF','1989-01-01','M','LIA',60),('Gabriela.PFALLER@nomail.com','Gabriela','PFALLER','1973-01-01','F','NN',80),('Gabriele.GREIMEL@nomail.com','Gabriele','GREIMEL','1966-01-01','F','ASC',60),('Georg.LAA@nomail.com','Georg','LAA','1976-01-01','M','DOW',79),('Georg.MANTLER@nomail.com','Georg','MANTLER','1990-01-01','M','STE',89),('Gerald.LESMIKA@nomail.com','Gerald','LESMIKA','1955-01-01','M','ELL',82),('Gerald.STUMPTNER@nomail.com','Gerald','STUMPTNER','1958-01-01','M','IST',82),('Gerda.G?RIG@nomail.com','Gerda','G?RIG','1983-01-01','F','DBU',57),('Gerhard.ASMERA@nomail.com','Gerhard','ASMERA','1949-01-01','M','DOW',107),('Gerhard.GOLDSCHMIED@nomail.com','Gerhard','GOLDSCHMIED','1952-01-01','M','LIA',82),('Gerhard.KALLOCH@nomail.com','Gerhard','KALLOCH','1963-01-01','M','ELL',-1),('Gerhard.SCHLEIDT@nomail.com','Gerhard','SCHLEIDT','1969-01-01','M','DOW',78),('Gerlinde.BIWALD@nomail.com','Gerlinde','BIWALD','1970-01-01','F','FRI',70),('Gernot.FADERBAUER@nomail.com','Gernot','FADERBAUER','1969-01-01','M','LIA',82),('Gernot.HOFER@nomail.com','Gernot','HOFER','1980-01-01','M','IST',86),('Gert.EBNER@nomail.com','Gert','EBNER','1968-01-01','M','ELL',-1),('Giannis.MELACHROINAKIS@nomail.com','Giannis','MELACHROINAKIS','1969-01-01','M','OEA',87),('Gilbert.BRETTERBAUER@nomail.com','Gilbert','BRETTERBAUER','1957-01-01','M','LIA',76),('Gine.ZABRANA@nomail.com','Gine','ZABRANA','1975-01-01','F','DOW',-1),('Hannes.AMON@nomail.com','Hannes','AMON','1970-01-01','M','MON',85),('Hannes.ASMERA@nomail.com','Hannes','ASMERA','1980-01-01','M','DOW',110),('Hannes.B?HM@nomail.com','Hannes','B?HM','1984-01-01','M','LIA',80),('Hans-Martin.CZICZEK@nomail.com','Hans-Martin','CZICZEK','1949-01-01','M','LIA',85),('Hans.BORZACCHINI@nomail.com','Hans','BORZACCHINI','1957-01-01','M','DBU',76),('Hans.K?NG@nomail.com','Hans','K?NG','1964-01-01','M','LIA',82),('Hasmik.BAROIAN-HAFTVANI@nomail.com','Hasmik','BAROIAN-HAFTVANI','1975-01-01','F','ARG',64),('Hedi.HABERL@nomail.com','Hedi','HABERL','1950-01-01','F','LIA',71),('Heidi.GOLDFARB@nomail.com','Heidi','GOLDFARB','1960-01-01','F','LIA',82),('Heidi.HABERL@nomail.com','Heidi','HABERL','1977-01-01','F','LIA',72),('Heimo.HINTERER@nomail.com','Heimo','HINTERER','1965-01-01','M','IST',69),('Helene.BERTHOLD@nomail.com','Helene','BERTHOLD','1972-01-01','F','DOW',-1),('Helene.JOHNSTON@nomail.com','Helene','JOHNSTON','1962-01-01','F','DOW',90),('Helga.DWORZAK@nomail.com','Helga','DWORZAK','1952-01-01','F','LIA',54),('Helmut.BIENSTOCK@nomail.com','Helmut','BIENSTOCK','1970-01-01','M','DOW',80),('Helmut.FR?HLICH@nomail.com','Helmut','FR?HLICH','1975-01-01','M','MON',80),('Helmut.KUTTELWASCHER@nomail.com','Helmut','KUTTELWASCHER','1941-01-01','M','ELL',87),('Henriette.RINGLEB@nomail.com','Henriette','RINGLEB','1993-01-01','F','LIA',67),('Henrik.NEIER@nomail.com','Henrik','NEIER','1985-01-01','M','LIA',90),('Herbert.HENGL@nomail.com','Herbert','HENGL','1949-01-01','M','ASC',100),('Herbert.HIESINGER@nomail.com','Herbert','HIESINGER','1963-01-01','M','TUL',83),('Herbert.WOCH@nomail.com','Herbert','WOCH','1941-01-01','M','ELL',86),('Hubert.MOSER@nomail.com','Hubert','MOSER','1966-01-01','M','DOW',74),('Igor.BOZEGLAV@nomail.com','Igor','BOZEGLAV','1968-01-01','M','VKV',80),('Ilse.MEISINGER@nomail.com','Ilse','MEISINGER','1974-01-01','F','ASC',60),('Ina.G?NNER@nomail.com','Ina','G?NNER','2003-01-01','F','LIA',59),('Ina.LUKL@nomail.com','Ina','LUKL','1971-01-01','F','PIR',58),('Ines.B?HLING@nomail.com','Ines','B?HLING','1962-01-01','F','RGG',-1),('Inge.STEKL@nomail.com','Inge','STEKL','1959-01-01','F','IST',71),('Ira.FEDERSPIEL@nomail.com','Ira','FEDERSPIEL','1981-01-01','F','LIA',56),('Irmgard.SELIGER@nomail.com','Irmgard','SELIGER','1966-01-01','F','ELL',75),('Isabella.PFAFFENEDER-KMEN@nomail.com','Isabella','PFAFFENEDER-KMEN','1985-01-01','F','DOW',66),('Isolde.FRANZ@nomail.com','Isolde','FRANZ','1973-01-01','F','LIA',76),('Ivana.BACANOVIC@nomail.com','Ivana','BACANOVIC','1976-01-01','F','LIA',64),('J?rg.HOLL@nomail.com','J?rg','HOLL','1958-01-01','M','ELL',70),('Jadranka.ZIVKOVIC@nomail.com','Jadranka','ZIVKOVIC','1974-01-01','F','LIA',68),('Jakob.FUCHS@nomail.com','Jakob','FUCHS','2001-01-01','M','TUL',63),('Jakob.RIEDLER@nomail.com','Jakob','RIEDLER','1996-01-01','M','LIA',70),('Jakob.SCHMID@nomail.com','Jakob','SCHMID','2004-01-01','M','LIA',48),('Janos.HALASZ@nomail.com','Janos','HALASZ','1946-01-01','M','IST',62),('Jaqueline.HERINCS@nomail.com','Jaqueline','HERINCS','1981-01-01','F','DOW',65),('Jens.MALLOW@nomail.com','Jens','MALLOW','1982-01-01','M','LIA',72),('Jim.BREEN@nomail.com','Jim','BREEN','1970-01-01','M','GRC',78),('Joe.KOCH@nomail.com','Joe','KOCH','2006-01-01','M','LIA',50),('Johann.EMHOFER@nomail.com','Johann','EMHOFER','1980-01-01','M','DOW',70),('Johanna.HIESINGER@nomail.com','Johanna','HIESINGER','1994-01-01','F','TUL',-1),('Johanna.MANG@nomail.com','Johanna','MANG','1962-01-01','F','PIR',59),('Johannes.FELDSCHER@nomail.com','Johannes','FELDSCHER','2003-01-01','M','LIA',-1),('Johannes.GIERING@nomail.com','Johannes','GIERING','1982-01-01','M','RGG',-1),('Johannes.GOTSMY@nomail.com','Johannes','GOTSMY','1965-01-01','M','DBU',83),('Johannes.SLACH@nomail.com','Johannes','SLACH','1962-01-01','M','LIA',89),('Johannes.WEBERNDORFER@nomail.com','Johannes','WEBERNDORFER','2000-01-01','M','LIA',70),('John.TUITE@nomail.com','John','TUITE','1971-01-01','M','GRC',94),('Josef.BERGER@nomail.com','Josef','BERGER','1964-01-01','M','RUM',83),('Josef.BERTAGNOLI@nomail.com','Josef','BERTAGNOLI','1969-01-01','M','DOW',74),('Julia.BERTHOLD@nomail.com','Julia','BERTHOLD','2005-01-01','F','DOW',46),('Julia.DAXENBICHLER@nomail.com','Julia','DAXENBICHLER','1996-01-01','F','LIA',48),('Julia.HANISCH@nomail.com','Julia','HANISCH','2000-01-01','F','LIA',65),('Julia.KEMENTIGER@nomail.com','Julia','KEMENTIGER','1989-01-01','F','DBU',-1),('Julian.WIENERT@nomail.com','Julian','WIENERT','2005-01-01','M','LIA',52),('Juliane.HOLLER@nomail.com','Juliane','HOLLER','2001-01-01','F','LIA',62),('Julius.KNOLLE@nomail.com','Julius','KNOLLE','2002-01-01','M','LIA',69),('Kaja.VORHAUER@nomail.com','Kaja','VORHAUER','1984-01-01','F','PIR',56),('Karin.BRANDSTETTER@nomail.com','Karin','BRANDSTETTER','1971-01-01','F','ALE',58),('Karin.FR?HLICH@nomail.com','Karin','FR?HLICH','1975-01-01','F','MON',75),('Karin.HAMMER@nomail.com','Karin','HAMMER','1972-01-01','F','LIA',47),('Karin.PREINDL@nomail.com','Karin','PREINDL','1991-01-01','F','DOW',56),('Karin.SPRINGER@nomail.com','Karin','SPRINGER','1967-01-01','F','PIR',68),('Karin.TULZER@nomail.com','Karin','TULZER','1973-01-01','F','DOW',81),('Karin.WINDL@nomail.com','Karin','WINDL','1966-01-01','F','PIR',64),('Karina.ZEHETNER@nomail.com','Karina','ZEHETNER','1977-01-01','F','LIA',68),('Karl.?LLINGER@nomail.com','Karl','?LLINGER','1962-01-01','M','IST',97),('Karl.WAGEMANN@nomail.com','Karl','WAGEMANN','2002-01-01','M','DOW',60),('Katharina.ESWEIN@nomail.com','Katharina','ESWEIN','1990-01-01','F','DOW',75),('Katharina.PFAFF@nomail.com','Katharina','PFAFF','1987-01-01','F','ARG',61),('Kathi.KURAT@nomail.com','Kathi','KURAT','1980-01-01','F','DOW',54),('Kirsteen.MENDOZA@nomail.com','Kirsteen','MENDOZA','1990-01-01','F','DOW',51),('Klara.GMEINBAUER@nomail.com','Klara','GMEINBAUER','2000-01-01','F','MON',63),('Klaus.W?LBLINGER@nomail.com','Klaus','W?LBLINGER','1954-01-01','M','ELL',100),('Kurt.PALMBERGER@nomail.com','Kurt','PALMBERGER','1948-01-01','M','LIA',78),('Kurt.SANDH?UGL@nomail.com','Kurt','SANDH?UGL','1951-01-01','M','LIA',84),('Lara.ZERZA@nomail.com','Lara','ZERZA','2006-01-01','F','DBU',-1),('Laszlo.KOKAS@nomail.com','Laszlo','KOKAS','1967-01-01','M','LIA',87),('Laura.ARNDORFER@nomail.com','Laura','ARNDORFER','1996-01-01','F','LIA',60),('Laura.BOYER@nomail.com','Laura','BOYER','2003-01-01','F','LIA',55),('Laura.CORDERO@nomail.com','Laura','CORDERO','1985-01-01','F','DBU',-1),('Laura.KERMER@nomail.com','Laura','KERMER','1996-01-01','F','STE',-1),('Laura.MILENKOVIC@nomail.com','Laura','MILENKOVIC','2003-01-01','F','DOW',58),('Lea.OVCINA@nomail.com','Lea','OVCINA','2005-01-01','F','LIA',46),('Lea.SPIERER@nomail.com','Lea','SPIERER','1998-01-01','F','LIA',55),('Lena.LANSCH?TZER@nomail.com','Lena','LANSCH?TZER','1996-01-01','F','TUL',-1),('Leo.B?LL@nomail.com','Leo','B?LL','1996-01-01','M','LIA',96),('Leonard.HOMBERG@nomail.com','Leonard','HOMBERG','1987-01-01','M','DOW',85),('Leonardo.NAUSNER@nomail.com','Leonardo','NAUSNER','1989-01-01','M','DOW',100),('Leonhard.RIEMER@nomail.com','Leonhard','RIEMER','1994-01-01','M','TUL',87),('Levi.APOSTAGI@nomail.com','Levi','APOSTAGI','2000-01-01','M','DOW',64),('Lili.PRETTERHOFER@nomail.com','Lili','PRETTERHOFER','1994-01-01','F','DOW',53),('Lisa.ANDR?@nomail.com','Lisa','ANDR?','2001-01-01','F','LIA',60),('Lisa.BOYER@nomail.com','Lisa','BOYER','2001-01-01','F','LIA',61),('Lorcan.LINDNER@nomail.com','Lorcan','LINDNER','2000-01-01','M','IST',55),('Lorin.LEDERER@nomail.com','Lorin','LEDERER','2002-01-01','M','LIA',-1),('Louisa.ALTENHUBER@nomail.com','Louisa','ALTENHUBER','1995-01-01','F','LIA',60),('Lovro.CVITAS@nomail.com','Lovro','CVITAS','1982-01-01','M','VKZ',92),('Luca.APFELTHALER@nomail.com','Luca','APFELTHALER','2006-01-01','M','DBU',-1),('Lucie.VENCELISEDOVA@nomail.com','Lucie','VENCELISEDOVA','1981-01-01','F','ELL',50),('Ludek.MIKULEC@nomail.com','Ludek','MIKULEC','1972-01-01','M','CVK',87),('Luirii.SUCHAK@nomail.com','Luirii','SUCHAK','1997-01-01','M','LIA',75),('Luisa.DUGASOVA@nomail.com','Luisa','DUGASOVA','1992-01-01','F','DOW',65),('Luisa.SEUFERT@nomail.com','Luisa','SEUFERT','1990-01-01','F','DOW',58),('Lukas.ASANOVIC@nomail.com','Lukas','ASANOVIC','1996-01-01','M','LIA',70),('Lukas.FINSTER@nomail.com','Lukas','FINSTER','2000-01-01','M','LIA',82),('Lukas.PLISEK@nomail.com','Lukas','PLISEK','2002-01-01','M','TUL',64),('Lukas.TOBLER@nomail.com','Lukas','TOBLER','1999-01-01','M','DOW',68),('Manfred.SEITNER@nomail.com','Manfred','SEITNER','1948-01-01','M','LIA',74),('Manuel.PARG@nomail.com','Manuel','PARG','1992-01-01','M','LIA',80),('Marco.SENDLHOFER@nomail.com','Marco','SENDLHOFER','1996-01-01','M','IST',90),('Marcus.STEHLIK@nomail.com','Marcus','STEHLIK','1966-01-01','M','DBU',-1),('Margreth.LIEBE-KREUTZNER@nomail.com','Margreth','LIEBE-KREUTZNER','1968-01-01','F','DBU',57),('Maria.PFNEISZL@nomail.com','Maria','PFNEISZL','1966-01-01','F','ELL',-1),('Maria.SELIC@nomail.com','Maria','SELIC','2001-01-01','F','DOW',62),('Marinella.DELFRATE@nomail.com','Marinella','DELFRATE','2004-01-01','F','DOW',75),('Mario.MANDL@nomail.com','Mario','MANDL','1982-01-01','M','VKZ',92),('Marko.MILODANOVIC@nomail.com','Marko','MILODANOVIC','1977-01-01','M','DBU',82),('Markus.HAUSNER@nomail.com','Markus','HAUSNER','2002-01-01','M','DOW',70),('Markus.PAIER@nomail.com','Markus','PAIER','1985-01-01','M','DBU',-1),('Markus.ROSSLER@nomail.com','Markus','ROSSLER','1974-01-01','M','PIR',120),('Markus.SCHNEEBERGER@nomail.com','Markus','SCHNEEBERGER','1969-01-01','M','IST',91),('Marlene.HAMEDL@nomail.com','Marlene','HAMEDL','2004-01-01','F','DOW',48),('Marlene.LEHDORFER@nomail.com','Marlene','LEHDORFER','2003-01-01','F','LIA',52),('Marlis.SCHMIDT@nomail.com','Marlis','SCHMIDT','1992-01-01','F','PIR',76),('Martin.ANIMASHAUN@nomail.com','Martin','ANIMASHAUN','2000-01-01','M','DOW',86),('Martin.B?HM@nomail.com','Martin','B?HM','1972-01-01','M','IST',82),('Martin.BANDERA@nomail.com','Martin','BANDERA','1971-01-01','M','DOW',91),('Martin.BARTH@nomail.com','Martin','BARTH','1982-01-01','M','RGG',-1),('Martin.HORAUER@nomail.com','Martin','HORAUER','1969-01-01','M','LIA',77),('Martin.K?HR@nomail.com','Martin','K?HR','1979-01-01','M','IST',84),('Martin.KR?GER@nomail.com','Martin','KR?GER','1967-01-01','M','DBU',-1),('Martin.PFAFFENEDER-KMEN@nomail.com','Martin','PFAFFENEDER-KMEN','1990-01-01','M','DOW',80),('Martin.POMPER@nomail.com','Martin','POMPER','1992-01-01','M','LIA',83),('Martin.VOKROJ@nomail.com','Martin','VOKROJ','1982-01-01','M','DOW',75),('Martin.WANDL@nomail.com','Martin','WANDL','1973-01-01','M','MON',75),('Martina.SCHILLER@nomail.com','Martina','SCHILLER','1980-01-01','F','LIA',62),('Matei.KADREV@nomail.com','Matei','KADREV','2004-01-01','M','DOW',50),('Matthias.KIESL@nomail.com','Matthias','KIESL','1984-01-01','M','IST',83),('Matthias.KOOP@nomail.com','Matthias','KOOP','1993-01-01','M','LIA',75),('Matthias.SCHREINER@nomail.com','Matthias','SCHREINER','1969-01-01','M','LIA',68),('Mattia.PETERLE@nomail.com','Mattia','PETERLE','1989-01-01','M','DOW',75),('Mattijs.HOLLER@nomail.com','Mattijs','HOLLER','1999-01-01','M','LIA',90),('Max.BIER@nomail.com','Max','BIER','2000-01-01','M','DOW',82),('Max.LEHRER@nomail.com','Max','LEHRER','1995-01-01','M','LIA',100),('Max.MARINOV@nomail.com','Max','MARINOV','1993-01-01','M','LIA',72),('Max.RECAY@nomail.com','Max','RECAY','2001-01-01','M','LIA',-1),('Maximilian.BR?NIMANN@nomail.com','Maximilian','BR?NIMANN','1991-01-01','M','TUL',81),('Maxwell.SPIEGEL@nomail.com','Maxwell','SPIEGEL','2002-01-01','M','LIA',60),('Maya.ELBARANES@nomail.com','Maya','ELBARANES','2001-01-01','F','DOW',55),('Megan.GSCHAIDER@nomail.com','Megan','GSCHAIDER','2003-01-01','F','LIA',77),('Mehmet.AKIT@nomail.com','Mehmet','AKIT','1991-01-01','M','LIA',94),('Mehmet.SENER@nomail.com','Mehmet','SENER','1992-01-01','M','LIA',72),('Melanie.WEISS@nomail.com','Melanie','WEISS','2001-01-01','F','LIA',55),('Meri.BOSNIC@nomail.com','Meri','BOSNIC','2001-01-01','F','LIA',56),('Michael.GOLDFARB@nomail.com','Michael','GOLDFARB','1944-01-01','M','LIA',54),('Michael.IRRGANG@nomail.com','Michael','IRRGANG','1968-01-01','M','RGG',-1),('Michael.JOHANN@nomail.com','Michael','JOHANN','1962-01-01','M','LIA',84),('Michael.MADERTHANER@nomail.com','Michael','MADERTHANER','1964-01-01','F','LIA',65),('Michael.NANDORI@nomail.com','Michael','NANDORI','1950-01-01','M','LIA',72),('Michael.POMPER@nomail.com','Michael','POMPER','1992-01-01','M','LIA',82),('Michael.RUTHNER@nomail.com','Michael','RUTHNER','1957-01-01','M','LIA',95),('Michael.SHEA@nomail.com','Michael','SHEA','1963-01-01','M','LIA',85),('Michael.STANGL@nomail.com','Michael','STANGL','1971-01-01','M','LIA',95),('Michael.ZWILLINK@nomail.com','Michael','ZWILLINK','1962-01-01','M','LIA',72),('Michaela.BAUMEISTER@nomail.com','Michaela','BAUMEISTER','1966-01-01','F','DBU',65),('Michaela.SLACH@nomail.com','Michaela','SLACH','1964-01-01','F','LIA',59),('Mike.DE-PETRIS@nomail.com','Mike','DE-PETRIS','1965-01-01','M','VVF',75),('Milorad.CAKARA@nomail.com','Milorad','CAKARA','1960-01-01','M','DOW',86),('Mirta.BUCHINGER@nomail.com','Mirta','BUCHINGER','1984-01-01','F','LIA',71),('Mislav.BOBIC@nomail.com','Mislav','BOBIC','1995-01-01','M','LIA',83),('Muslim.SULTAN-BEKOW@nomail.com','Muslim','SULTAN-BEKOW','2002-01-01','M','DOW',82),('Nadine.SOMMERFELD@nomail.com','Nadine','SOMMERFELD','1986-01-01','F','DOW',70),('Niki.LEHRER@nomail.com','Niki','LEHRER','1999-01-01','M','LIA',110),('Nikola.CVITAS@nomail.com','Nikola','CVITAS','1982-01-01','M','VKZ',90),('Nikola.KRLOVIC@nomail.com','Nikola','KRLOVIC','1994-01-01','M','LIA',87),('Nikola.POPOVIC@nomail.com','Nikola','POPOVIC','1965-01-01','M','LIA',86),('Nikolaus.BEER@nomail.com','Nikolaus','BEER','1997-01-01','M','LIA',95),('Nikolaus.KANDOLF@nomail.com','Nikolaus','KANDOLF','1994-01-01','M','LIA',76),('Nikolaus.SCHILCHER@nomail.com','Nikolaus','SCHILCHER','1997-01-01','M','LIA',90),('Nikolaus.TSCH?P@nomail.com','Nikolaus','TSCH?P','1983-01-01','M','LIA',72),('Nil.REDA@nomail.com','Nil','REDA','2003-01-01','M','LIA',57),('Nina.KERRES@nomail.com','Nina','KERRES','1981-01-01','F','DOW',56),('Noah.ROBIBARO@nomail.com','Noah','ROBIBARO','2002-01-01','M','LIA',75),('Nora.AUER@nomail.com','Nora','AUER','1944-01-01','F','DOW',61),('Norbert.FREIBERGER@nomail.com','Norbert','FREIBERGER','1983-01-01','M','PIR',75),('Norbert.HLOBIL@nomail.com','Norbert','HLOBIL','1947-01-01','M','LIA',95),('Norbert.SOLLINGER@nomail.com','Norbert','SOLLINGER','1961-01-01','M','DOW',75),('Olaf.MORDHORST@nomail.com','Olaf','MORDHORST','1988-01-01','M','DBU',91),('Olaf.TEBBE@nomail.com','Olaf','TEBBE','1971-01-01','M','ARG',74),('Oliver.LEHRER@nomail.com','Oliver','LEHRER','1965-01-01','M','LIA',85),('Orhan.MAGLAJLIC@nomail.com','Orhan','MAGLAJLIC','2000-01-01','M','LIA',80),('Orsolya.KLAUSZ@nomail.com','Orsolya','KLAUSZ','1971-01-01','F','GYAC',78),('Oscar.LINDNER@nomail.com','Oscar','LINDNER','2000-01-01','M','IST',60),('Otto.HAJEK@nomail.com','Otto','HAJEK','1946-01-01','M','LIA',82),('Pamina.PAMMER@nomail.com','Pamina','PAMMER','1993-01-01','F','LIA',60),('Pascal.VELAN@nomail.com','Pascal','VELAN','1991-01-01','M','TUL',69),('Paul.DRUCKER@nomail.com','Paul','DRUCKER','2002-01-01','M','ARG',113),('Paul.MANSTETTEN@nomail.com','Paul','MANSTETTEN','1984-01-01','M','ARG',81),('Paul.T?RKE@nomail.com','Paul','T?RKE','2002-01-01','M','DOW',75),('Paul.ZERZA@nomail.com','Paul','ZERZA','2008-01-01','M','DBU',-1),('Paula.HORAUER@nomail.com','Paula','HORAUER','2002-01-01','F','LIA',53),('Pete.SPIVEY@nomail.com','Pete','SPIVEY','1969-01-01','M','MON',84),('Peter.CHRISTENSEN@nomail.com','Peter','CHRISTENSEN','1968-01-01','M','IST',90),('Peter.DIVJAK@nomail.com','Peter','DIVJAK','1966-01-01','M','LIA',83),('Peter.DWORZAK@nomail.com','Peter','DWORZAK','1952-01-01','M','LIA',82),('Peter.HORAUER@nomail.com','Peter','HORAUER','2006-01-01','M','LIA',50),('Peter.PASECKY@nomail.com','Peter','PASECKY','1961-01-01','M','DBU',-1),('Peter.POMPER@nomail.com','Peter','POMPER','1952-01-01','M','LIA',91),('Peter.PREISS@nomail.com','Peter','PREISS','1952-01-01','M','LIA',89),('Peter.Z?HLSDORFF@nomail.com','Peter','Z?HLSDORFF','1973-01-01','M','RGG',-1),('Petra.KAUDELKA@nomail.com','Petra','KAUDELKA','1997-01-01','F','LIA',59),('Petra.POSTL@nomail.com','Petra','POSTL','1970-01-01','F','DBU',-1),('Petra.TSCH?LL@nomail.com','Petra','TSCH?LL','1990-01-01','F','DBU',-1),('Phil.STEKL@nomail.com','Phil','STEKL','1956-01-01','M','IST',87),('Philipp.BOGDANOV@nomail.com','Philipp','BOGDANOV','2003-01-01','M','LIA',-1),('Philipp.BRANDSTETTER@nomail.com','Philipp','BRANDSTETTER','1986-01-01','M','LIA',86),('Philipp.GELBMANN@nomail.com','Philipp','GELBMANN','1997-01-01','M','DBU',75),('Philipp.PFALLER@nomail.com','Philipp','PFALLER','1974-01-01','M','NN',78),('Philipp.REISINGER@nomail.com','Philipp','REISINGER','2003-01-01','M','LIA',-1),('Philippa.KAUFMANN@nomail.com','Philippa','KAUFMANN','2002-01-01','F','DOW',53),('Philumena.BAUER@nomail.com','Philumena','BAUER','1996-01-01','F','IST',56),('Pia.PAMMER@nomail.com','Pia','PAMMER','1997-01-01','F','LIA',60),('R?diger.FOX@nomail.com','R?diger','FOX','1966-01-01','M','MON',84),('Raimund.HABERL@nomail.com','Raimund','HABERL','1949-01-01','M','LIA',73),('Rainer.HABERL@nomail.com','Rainer','HABERL','1981-01-01','M','LIA',82),('Rainer.KALLIANY@nomail.com','Rainer','KALLIANY','1958-01-01','M','LIA',98),('Ralph.B?CKLE@nomail.com','Ralph','B?CKLE','1965-01-01','M','LIA',90),('Refat.SEYDAMETOV@nomail.com','Refat','SEYDAMETOV','1957-01-01','M','DOW',80),('Reinhard.PILLER@nomail.com','Reinhard','PILLER','1959-01-01','M','DOW',99),('Reinhard.SIEBERER@nomail.com','Reinhard','SIEBERER','1972-01-01','M','DOW',70),('Reinhard.STEINDL@nomail.com','Reinhard','STEINDL','1967-01-01','M','RUM',74),('Rene.AUM?LLER@nomail.com','Rene','AUM?LLER','1988-01-01','M','APST',81),('Renee.ST?TZ@nomail.com','Renee','ST?TZ','1966-01-01','F','LIA',55),('Richard.MALOUSEK@nomail.com','Richard','MALOUSEK','1977-01-01','M','DBU',-1),('Richard.SELLINGER@nomail.com','Richard','SELLINGER','1962-01-01','M','DHO',73),('Robert.B?HM@nomail.com','Robert','B?HM','1956-01-01','M','LIA',72),('Robert.GRIESHOFER@nomail.com','Robert','GRIESHOFER','1971-01-01','M','IST',90),('Robert.HUFNAGEL@nomail.com','Robert','HUFNAGEL','1977-01-01','M','DBU',78),('Robert.MAIER@nomail.com','Robert','MAIER','1965-01-01','M','DOW',70),('Robert.MOSEK@nomail.com','Robert','MOSEK','1961-01-01','M','LIA',79),('Robert.PROKOPP@nomail.com','Robert','PROKOPP','1968-01-01','M','DBU',107),('robert.WOLFF@nomail.com','robert','WOLFF','1982-01-01','M','RGG',-1),('Roland.T?RKE@nomail.com','Roland','T?RKE','1966-01-01','M','DOW',124),('Roman.ARNDORFER@nomail.com','Roman','ARNDORFER','1967-01-01','M','LIA',109),('Roman.KLIKOVITS@nomail.com','Roman','KLIKOVITS','1988-01-01','M','ARG',64),('Ron.KLOBER@nomail.com','Ron','KLOBER','1985-01-01','M','ESV',-1),('Ronny.STAVENOV@nomail.com','Ronny','STAVENOV','1977-01-01','M','DOW',95),('Rudi.ESWEIN@nomail.com','Rudi','ESWEIN','1990-01-01','M','DOW',79),('Rudolph.QUERFELD@nomail.com','Rudolph','QUERFELD','1998-01-01','M','LIA',95),('Rupert.NEPPL@nomail.com','Rupert','NEPPL','1997-01-01','M','DOW',82),('Sabine.NICOLAUS@nomail.com','Sabine','NICOLAUS','1970-01-01','F','DBU',-1),('Sabrina.LISKA@nomail.com','Sabrina','LISKA','1995-01-01','F','DOW',52),('Sandra.LUTZ@nomail.com','Sandra','LUTZ','1982-01-01','F','PIR',57),('Sara.GASPARONI@nomail.com','Sara','GASPARONI','1976-01-01','F','DBU',61),('Sara.LAMBING@nomail.com','Sara','LAMBING','1981-01-01','F','DOW',59),('Scarlett.GELLESZUN@nomail.com','Scarlett','GELLESZUN','1986-01-01','F','RGG',-1),('Sebastian.F?RTIG@nomail.com','Sebastian','F?RTIG','1990-01-01','M','SCBK',-1),('Sergej.ENNS@nomail.com','Sergej','ENNS','1982-01-01','M','DOW',65),('Silvia.KRAMER@nomail.com','Silvia','KRAMER','2005-01-01','F','DOW',45),('Silvija.PERAS-Cakara@nomail.com','Silvija','PERAS-Cakara','1960-01-01','F','DOW',73),('Simon.LEDERER@nomail.com','Simon','LEDERER','1989-01-01','M','DOW',75),('Stacey.FOSTER@nomail.com','Stacey','FOSTER','1974-01-01','M','DBU',-1),('Stanislav.MARTIN@nomail.com','Stanislav','MARTIN','1982-01-01','M','VKZ',85),('Stefan.MASSL@nomail.com','Stefan','MASSL','1978-01-01','M','DOW',102),('Stefan.R?HRLE@nomail.com','Stefan','R?HRLE','1974-01-01','M','DBU',83),('Stefan.ROZPORKA@nomail.com','Stefan','ROZPORKA','1964-01-01','M','IST',110),('Stefanie.BORZACCINI@nomail.com','Stefanie','BORZACCINI','1990-01-01','F','LIA',66),('Stefe.WINDROITHER@nomail.com','Stefe','WINDROITHER','1983-01-01','M','DBU',-1),('Stephan.F?RNKRANZ@nomail.com','Stephan','F?RNKRANZ','1980-01-01','M','LIA',90),('Stephen.BIWALD@nomail.com','Stephen','BIWALD','1970-01-01','M','FRI',92),('Susanne.BLUM@nomail.com','Susanne','BLUM','1989-01-01','F','DOW',73),('Susanne.KALLIANY@nomail.com','Susanne','KALLIANY','1959-01-01','F','LIA',65),('Susanne.ZACH@nomail.com','Susanne','ZACH','1969-01-01','F','DBU',-1),('Sven.POHLANDT@nomail.com','Sven','POHLANDT','1967-01-01','M','RGG',-1),('Svenja.HARTENBERGER@nomail.com','Svenja','HARTENBERGER','1991-01-01','F','DOW',68),('Svetlana.MARKSIMOVITS@nomail.com','Svetlana','MARKSIMOVITS','1967-01-01','F','ASC',60),('Svetlana.UMEROVA@nomail.com','Svetlana','UMEROVA','1957-01-01','F','DOW',75),('Sylvia.KLEIMANN@nomail.com','Sylvia','KLEIMANN','1969-01-01','F','PIR',55),('Szilvia.BOROS@nomail.com','Szilvia','BOROS','1976-01-01','F','GYAC',76),('Tanja.NEBENF?HR@nomail.com','Tanja','NEBENF?HR','1984-01-01','F','DOW',-1),('Tanja.PFLEGER@nomail.com','Tanja','PFLEGER','1984-01-01','F','ARG',73),('Theresa.ZERKOLL@nomail.com','Theresa','ZERKOLL','1993-01-01','F','LIA',75),('Thersa.FEDDERSEN@nomail.com','Thersa','FEDDERSEN','1993-01-01','F','LIA',66),('Thomas.B?HLING@nomail.com','Thomas','B?HLING','1967-01-01','M','RGG',-1),('Thomas.BERKES@nomail.com','Thomas','BERKES','1946-01-01','M','ARG',78),('Thomas.BERTHOLD@nomail.com','Thomas','BERTHOLD','1969-01-01','M','ELL',92),('Thomas.EBNER@nomail.com','Thomas','EBNER','1996-01-01','M','LIA',72),('Thomas.GR?NERT@nomail.com','Thomas','GR?NERT','1985-01-01','M','LIA',90),('Thomas.HIRM@nomail.com','Thomas','HIRM','1979-01-01','M','LIA',80),('Thomas.KLUGER@nomail.com','Thomas','KLUGER','1964-01-01','M','PIR',90),('Thomas.KOCH@nomail.com','Thomas','KOCH','1970-01-01','M','DOW',69),('Thomas.KROPIK@nomail.com','Thomas','KROPIK','1967-01-01','M','LIA',74),('Thomas.MAIER@nomail.com','Thomas','MAIER','1990-01-01','M','DOW',107),('Thomas.NEPPL@nomail.com','Thomas','NEPPL','1971-01-01','M','DOW',85),('Thomas.PLOCKE@nomail.com','Thomas','PLOCKE','1985-01-01','M','RGG',-1),('Thomas.SCHLOSS@nomail.com','Thomas','SCHLOSS','1983-01-01','M','LIA',73),('Thorsten.METZ@nomail.com','Thorsten','METZ','1962-01-01','M','DOW',89),('Tibor.VARGA@nomail.com','Tibor','VARGA','1970-01-01','M','GYAC',83),('TIM.DWORSCHAK@nomail.com','TIM','DWORSCHAK','1992-01-01','M','DBU',80),('Tina.CAKARA@nomail.com','Tina','CAKARA','1997-01-01','F','DOW',60),('Tina.REISENKOPF@nomail.com','Tina','REISENKOPF','1981-01-01','F','FRI',52),('Tina.VORSTANDLECHNER@nomail.com','Tina','VORSTANDLECHNER','1992-01-01','F','PIR',55),('Tobias.ST?TZ@nomail.com','Tobias','ST?TZ','2001-01-01','M','LIA',65),('Tunc.G?KHAN@nomail.com','Tunc','G?KHAN','2002-01-01','M','LIA',80),('Ulf.HARTNER@nomail.com','Ulf','HARTNER','1968-01-01','M','LIA',103),('Ulf.NEIDHART@nomail.com','Ulf','NEIDHART','1971-01-01','M','LIA',75),('Ursula.HINTERKIRCHNER@nomail.com','Ursula','HINTERKIRCHNER','1969-01-01','F','ELL',50),('Ute.HLOBIL@nomail.com','Ute','HLOBIL','1957-01-01','F','LIA',85),('Valentina.TOLLINGER@nomail.com','Valentina','TOLLINGER','1996-01-01','F','M?V',61),('Vera.KORNHOF@nomail.com','Vera','KORNHOF','1959-01-01','F','LIA',65),('Verena.KLEJNA@nomail.com','Verena','KLEJNA','1957-01-01','F','ARG',62),('Verena.SCHENZINGER@nomail.com','Verena','SCHENZINGER','1988-01-01','F','PIR',76),('Veronika.ZARZER@nomail.com','Veronika','ZARZER','1973-01-01','F','IST',56),('Victor.HOFMANN@nomail.com','Victor','HOFMANN','1947-01-01','M','RGG',-1),('Victoria.SLACH@nomail.com','Victoria','SLACH','1995-01-01','F','LIA',62),('Viktor.LUNDIN@nomail.com','Viktor','LUNDIN','2004-01-01','M','DBU',-1),('Viktor.PANCESKI@nomail.com','Viktor','PANCESKI','2005-01-01','M','LIA',52),('Volker.KUTTELWASCHER@nomail.com','Volker','KUTTELWASCHER','1962-01-01','M','IST',87),('Walter.AIGNER@nomail.com','Walter','AIGNER','1964-01-01','M','STE',75),('Walter.TIEFENBACHER@nomail.com','Walter','TIEFENBACHER','1950-01-01','M','LIA',73),('Walter.VOGEL@nomail.com','Walter','VOGEL','1958-01-01','M','DOW',72),('Waltraud.POMPER@nomail.com','Waltraud','POMPER','1961-01-01','F','LIA',65),('Wilhelm.REINDL@nomail.com','Wilhelm','REINDL','1948-01-01','M','DBU',-1),('Wilhelm.TULZER@nomail.com','Wilhelm','TULZER','1963-01-01','M','DOW',110),('Willie.CLOHERTY@nomail.com','Willie','CLOHERTY','1965-01-01','M','GRC',72),('Wolfgang.BAUER@nomail.com','Wolfgang','BAUER','1986-01-01','M','DHO',75),('Wolfgang.KARNER@nomail.com','Wolfgang','KARNER','1968-01-01','M','LIA',68),('Wolfgang.KIESL@nomail.com','Wolfgang','KIESL','1980-01-01','M','IST',97),('Wolfgang.MASSL@nomail.com','Wolfgang','MASSL','1950-01-01','M','DOW',84),('Wolfgang.POINTNER@nomail.com','Wolfgang','POINTNER','2002-01-01','M','TUL',70),('Wolfgang.WIENERT@nomail.com','Wolfgang','WIENERT','1969-01-01','M','LIA',85);
/*!40000 ALTER TABLE `participant` ENABLE KEYS */;
UNLOCK TABLES;

--
-- Table structure for table `result`
--

DROP TABLE IF EXISTS `result`;
/*!40101 SET @saved_cs_client     = @@character_set_client */;
/*!40101 SET character_set_client = utf8 */;
CREATE TABLE `result` (
  `result_id` int(11) NOT NULL AUTO_INCREMENT,
  `challenge_id` int(11) NOT NULL,
  `participant_email` varchar(128) CHARACTER SET utf8 COLLATE utf8_unicode_ci DEFAULT NULL,
  `distance` int(11) DEFAULT NULL,
  PRIMARY KEY (`result_id`),
  KEY `challenge_id` (`challenge_id`),
  KEY `participant_email` (`participant_email`),
  CONSTRAINT `result_ibfk_1` FOREIGN KEY (`challenge_id`) REFERENCES `challenge` (`challenge_id`),
  CONSTRAINT `result_ibfk_2` FOREIGN KEY (`participant_email`) REFERENCES `participant` (`email`)
) ENGINE=InnoDB AUTO_INCREMENT=1658 DEFAULT CHARSET=utf8 COLLATE=utf8_bin;
/*!40101 SET character_set_client = @saved_cs_client */;

--
-- Dumping data for table `result`
--

LOCK TABLES `result` WRITE;
/*!40000 ALTER TABLE `result` DISABLE KEYS */;
INSERT INTO `result` VALUES (1,12017,'Birgit.NEUWIRTH@nomail.com',7730),(2,12017,'Scarlett.GELLESZUN@nomail.com',7576),(3,12017,'Mirta.BUCHINGER@nomail.com',7422),(4,12017,'Elvira.THONHOFER@nomail.com',7323),(5,12017,'Ivana.BACANOVIC@nomail.com',7261),(6,12017,'Henriette.RINGLEB@nomail.com',7245),(7,12017,'Elke.NIGL-EDER@nomail.com',7209),(8,12017,'Stefanie.BORZACCINI@nomail.com',7187),(9,12017,'Inge.STEKL@nomail.com',7061),(10,12017,'Barbara.LUNG@nomail.com',7039),(11,12017,'Maria.PFNEISZL@nomail.com',7011),(12,12017,'Julia.HANISCH@nomail.com',6976),(13,12017,'Tina.REISENKOPF@nomail.com',6963),(14,12017,'Szilvia.BOROS@nomail.com',6955),(15,12017,'Angela.SELIC@nomail.com',6950),(16,12017,'Laura.KERMER@nomail.com',6946),(17,12017,'Eva.HAUER-PAVLIK@nomail.com',6895),(18,12017,'Claudia.GIACOMAZZI@nomail.com',6874),(19,12017,'Tanja.PFLEGER@nomail.com',6874),(20,12017,'Franziska.HOELL@nomail.com',6871),(21,12017,'Nadine.SOMMERFELD@nomail.com',6870),(22,12017,'Melanie.WEISS@nomail.com',6839),(23,12017,'Maria.SELIC@nomail.com',6802),(24,12017,'Juliane.HOLLER@nomail.com',6769),(25,12017,'Andrea.CHRIST@nomail.com',6765),(26,12017,'Karin.FR?HLICH@nomail.com',6743),(27,12017,'Doris.BREMBERGER@nomail.com',6717),(28,12017,'Meri.BOSNIC@nomail.com',6683),(29,12017,'Annika.KERN@nomail.com',6680),(30,12017,'Klara.GMEINBAUER@nomail.com',6673),(31,12017,'Maya.ELBARANES@nomail.com',6668),(32,12017,'Andrea.SAUBERER@nomail.com',6628),(33,12017,'Eva.LEDERER@nomail.com',6607),(34,12017,'Dani.BANDERA@nomail.com',6585),(35,12017,'Pamina.PAMMER@nomail.com',6580),(36,12017,'Brigitte.MOSER-KMEN@nomail.com',6557),(37,12017,'Laura.MILENKOVIC@nomail.com',6554),(38,12017,'Doris.DINTNER@nomail.com',6506),(39,12017,'Doris.SCHREMSER@nomail.com',6446),(40,12017,'Isabella.PFAFFENEDER-KMEN@nomail.com',6427),(41,12017,'Caroline.ARNDORFER@nomail.com',6409),(42,12017,'Anna.SCH?FER@nomail.com',6377),(43,12017,'Susanne.BLUM@nomail.com',6371),(44,12017,'Sabrina.LISKA@nomail.com',6307),(45,12017,'Luisa.SEUFERT@nomail.com',6287),(46,12017,'Elisabeth.NEPPL@nomail.com',6263),(47,12017,'Tina.CAKARA@nomail.com',6229),(48,12017,'Katharina.ESWEIN@nomail.com',6227),(49,12017,'Elfriede.STUMPTNER@nomail.com',6227),(50,12017,'Ira.FEDERSPIEL@nomail.com',6204),(51,12017,'Jaqueline.HERINCS@nomail.com',6165),(52,12017,'Carina.TEXL@nomail.com',6103),(53,12017,'D..HERNETH-MACHECK@nomail.com',6072),(54,12017,'Silvija.PERAS-Cakara@nomail.com',6069),(55,12017,'Lucie.VENCELISEDOVA@nomail.com',6055),(56,12017,'Elmira.BERTAGNOLI@nomail.com',5963),(57,12017,'Helene.JOHNSTON@nomail.com',5952),(58,12017,'Barbara.KUSTER@nomail.com',5942),(59,12017,'Alexandra.Z?LLSDORF@nomail.com',5915),(60,12017,'Gine.ZABRANA@nomail.com',5828),(61,12017,'Debby.JAUTZKE@nomail.com',5807),(62,12017,'Ursula.HINTERKIRCHNER@nomail.com',5595),(63,12017,'Svetlana.UMEROVA@nomail.com',5518),(64,12017,'Dzenita.HASAGIC@nomail.com',5512),(65,12017,'Julia.BERTHOLD@nomail.com',5428),(66,12017,'Marinella.DELFRATE@nomail.com',5275),(67,12017,'Marlene.HAMEDL@nomail.com',4632),(68,12017,'Silvia.KRAMER@nomail.com',4632),(69,12017,'Nina.KERRES@nomail.com',4609),(70,12017,'Emily.BERTAGNOLI@nomail.com',3834),(71,12017,'Marko.MILODANOVIC@nomail.com',8543),(72,12017,'Robert.GRIESHOFER@nomail.com',8435),(73,12017,'Georg.MANTLER@nomail.com',8386),(74,12017,'Igor.BOZEGLAV@nomail.com',8341),(75,12017,'Florian.NIMMERVOLL@nomail.com',8313),(76,12017,'Ante.MURER@nomail.com',8286),(77,12017,'Philipp.BRANDSTETTER@nomail.com',8284),(78,12017,'Wolfgang.KIESL@nomail.com',8284),(79,12017,'Laszlo.KOKAS@nomail.com',8277),(80,12017,'Alexander.BANFIELD-MUMB@nomail.com',8274),(81,12017,'Mike.DE-PETRIS@nomail.com',8251),(82,12017,'Stephen.BIWALD@nomail.com',8241),(83,12017,'Thomas.PLOCKE@nomail.com',8226),(84,12017,'Mislav.BOBIC@nomail.com',8218),(85,12017,'Sebastian.F?RTIG@nomail.com',8214),(86,12017,'Jim.BREEN@nomail.com',8188),(87,12017,'Peter.CHRISTENSEN@nomail.com',8186),(88,12017,'Dirk.SEWOHL@nomail.com',8180),(89,12017,'Olaf.MORDHORST@nomail.com',8171),(90,12017,'Gernot.HOFER@nomail.com',8163),(91,12017,'Karl.?LLINGER@nomail.com',8153),(92,12017,'Pete.SPIVEY@nomail.com',8138),(93,12017,'Florian.WIENERT@nomail.com',8137),(94,12017,'Johannes.GOTSMY@nomail.com',8100),(95,12017,'Martin.BARTH@nomail.com',8082),(96,12017,'John.TUITE@nomail.com',8071),(97,12017,'Paul.T?RKE@nomail.com',8065),(98,12017,'Giannis.MELACHROINAKIS@nomail.com',8057),(99,12017,'Helmut.FR?HLICH@nomail.com',8005),(100,12017,'Andreas.KRAL@nomail.com',7990),(101,12017,'Martin.PFAFFENEDER-KMEN@nomail.com',7986),(102,12017,'Markus.SCHNEEBERGER@nomail.com',7975),(103,12017,'Martin.WANDL@nomail.com',7974),(104,12017,'Josef.BERTAGNOLI@nomail.com',7960),(105,12017,'Christian.SCHRAMM@nomail.com',7928),(106,12017,'Leo.B?LL@nomail.com',7927),(107,12017,'Michael.POMPER@nomail.com',7901),(108,12017,'Michael.STANGL@nomail.com',7870),(109,12017,'Johannes.GIERING@nomail.com',7854),(110,12017,'Oliver.LEHRER@nomail.com',7847),(111,12017,'Noah.ROBIBARO@nomail.com',7847),(112,12017,'Mattia.PETERLE@nomail.com',7837),(113,12017,'Walter.VOGEL@nomail.com',7835),(114,12017,'Max.RECAY@nomail.com',7814),(115,12017,'Stanislav.MARTIN@nomail.com',7810),(116,12017,'Hannes.AMON@nomail.com',7808),(117,12017,'Erich.RIEDER@nomail.com',7801),(118,12017,'Felix.KERRES@nomail.com',7799),(119,12017,'Norbert.SOLLINGER@nomail.com',7790),(120,12017,'Heimo.HINTERER@nomail.com',7778),(121,12017,'Nikola.CVITAS@nomail.com',7776),(122,12017,'Antonis.GITSAS@nomail.com',7768),(123,12017,'Mario.MANDL@nomail.com',7766),(124,12017,'Ludek.MIKULEC@nomail.com',7756),(125,12017,'Leonardo.NAUSNER@nomail.com',7741),(126,12017,'Lovro.CVITAS@nomail.com',7716),(127,12017,'Manuel.PARG@nomail.com',7707),(128,12017,'Alexander.BUCHINGER@nomail.com',7704),(129,12017,'David.NEUBAUER@nomail.com',7678),(130,12017,'Hans.K?NG@nomail.com',7653),(131,12017,'Martin.VOKROJ@nomail.com',7646),(132,12017,'Robert.PROKOPP@nomail.com',7629),(133,12017,'Christian.K?SSL@nomail.com',7614),(134,12017,'Lorin.LEDERER@nomail.com',7587),(135,12017,'Benjamin.SVETINA@nomail.com',7548),(136,12017,'Gerhard.SCHLEIDT@nomail.com',7545),(137,12017,'Maxwell.SPIEGEL@nomail.com',7519),(138,12017,'Max.MARINOV@nomail.com',7506),(139,12017,'Gerald.STUMPTNER@nomail.com',7497),(140,12017,'Rainer.KALLIANY@nomail.com',7469),(141,12017,'Thomas.HIRM@nomail.com',7423),(142,12017,'Rudi.ESWEIN@nomail.com',7392),(143,12017,'Max.BIER@nomail.com',7375),(144,12017,'Tobias.ST?TZ@nomail.com',7369),(145,12017,'Christian.ARTNER@nomail.com',7358),(146,12017,'Volker.KUTTELWASCHER@nomail.com',7350),(147,12017,'Nikolaus.KANDOLF@nomail.com',7349),(148,12017,'Michael.ZWILLINK@nomail.com',7348),(149,12017,'Muslim.SULTAN-BEKOW@nomail.com',7343),(150,12017,'Gerhard.KALLOCH@nomail.com',7334),(151,12017,'Andreas.BERTHOLD@nomail.com',7332),(152,12017,'Leonard.HOMBERG@nomail.com',7326),(153,12017,'Ali.GAGARINA@nomail.com',7325),(154,12017,'Thomas.KOCH@nomail.com',7311),(155,12017,'Levi.APOSTAGI@nomail.com',7294),(156,12017,'Thomas.NEPPL@nomail.com',7266),(157,12017,'Helmut.BIENSTOCK@nomail.com',7258),(158,12017,'Raimund.HABERL@nomail.com',7227),(159,12017,'Bernhard.PLATTER@nomail.com',7218),(160,12017,'Edwin.BOYER@nomail.com',7216),(161,12017,'Karl.WAGEMANN@nomail.com',7207),(162,12017,'Erwin.HUBER@nomail.com',7179),(163,12017,'Milorad.CAKARA@nomail.com',7175),(164,12017,'Markus.HAUSNER@nomail.com',7133),(165,12017,'Dieter.BOYER@nomail.com',7124),(166,12017,'Daniel.HAAS@nomail.com',7107),(167,12017,'Simon.LEDERER@nomail.com',7103),(168,12017,'Thorsten.METZ@nomail.com',7103),(169,12017,'Thomas.MAIER@nomail.com',7056),(170,12017,'Roland.T?RKE@nomail.com',7046),(171,12017,'Stefan.R?HRLE@nomail.com',7045),(172,12017,'Ronny.STAVENOV@nomail.com',6985),(173,12017,'Stefan.ROZPORKA@nomail.com',6967),(174,12017,'Reinhard.SIEBERER@nomail.com',6935),(175,12017,'Alexander.SCHLOSS@nomail.com',6929),(176,12017,'Peter.POMPER@nomail.com',6899),(177,12017,'Refat.SEYDAMETOV@nomail.com',6884),(178,12017,'Eric.FREY@nomail.com',6802),(179,12017,'Hubert.MOSER@nomail.com',6777),(180,12017,'Johannes.FELDSCHER@nomail.com',6762),(181,12017,'Michael.IRRGANG@nomail.com',6736),(182,12017,'Peter.Z?HLSDORFF@nomail.com',6704),(183,12017,'Janos.HALASZ@nomail.com',6685),(184,12017,'Alexander.MACHECK@nomail.com',6667),(185,12017,'Martin.BANDERA@nomail.com',6603),(186,12017,'Wolfgang.MASSL@nomail.com',6596),(187,12017,'Alex.ROLLER@nomail.com',6566),(188,12017,'Daniel.BERTHOLD@nomail.com',6559),(189,12017,'Philipp.REISINGER@nomail.com',6531),(190,12017,'Wolfgang.WIENERT@nomail.com',6527),(191,12017,'Philipp.BOGDANOV@nomail.com',6508),(192,12017,'Dieter.HOLZER@nomail.com',6490),(193,12017,'Reinhard.PILLER@nomail.com',6479),(194,12017,'Albert.BANDERA@nomail.com',6429),(195,12017,'G?nter.WOCH@nomail.com',6314),(196,12017,'Benjamin.METZ@nomail.com',6308),(197,12017,'Felix.GANSTER@nomail.com',6157),(198,12017,'Hans.BORZACCHINI@nomail.com',6026),(199,12017,'Andreas.BERTAGNOLI@nomail.com',5109),(200,22017,'Birgit.P?HRINGER@nomail.com',7920),(201,22017,'Scarlett.GELLESZUN@nomail.com',7654),(202,22017,'Mirta.BUCHINGER@nomail.com',7530),(203,22017,'Louisa.ALTENHUBER@nomail.com',7468),(204,22017,'Elvira.THONHOFER@nomail.com',7416),(205,22017,'Ivana.BACANOVIC@nomail.com',7304),(206,22017,'Henriette.RINGLEB@nomail.com',7244),(207,22017,'Stefanie.BORZACCINI@nomail.com',7233),(208,22017,'Laura.ARNDORFER@nomail.com',7114),(209,22017,'Julia.HANISCH@nomail.com',7101),(210,22017,'Megan.GSCHAIDER@nomail.com',7093),(211,22017,'Thersa.FEDDERSEN@nomail.com',7083),(212,22017,'Szilvia.BOROS@nomail.com',7067),(213,22017,'Valentina.TOLLINGER@nomail.com',7057),(214,22017,'Barbara.LUNG@nomail.com',7026),(215,22017,'Claudia.STUBY@nomail.com',7024),(216,22017,'Orsolya.KLAUSZ@nomail.com',7022),(217,22017,'Petra.KAUDELKA@nomail.com',7015),(218,22017,'Nadine.SOMMERFELD@nomail.com',7010),(219,22017,'Maria.PFNEISZL@nomail.com',6998),(220,22017,'Erika.PRINZ@nomail.com',6953),(221,22017,'Doris.PENNETZDORFER@nomail.com',6943),(222,22017,'Eva.HAUER-PAVLIK@nomail.com',6932),(223,22017,'Heidi.GOLDFARB@nomail.com',6928),(224,22017,'Dani.BANDERA@nomail.com',6914),(225,22017,'Franziska.HOELL@nomail.com',6913),(226,22017,'Klara.GMEINBAUER@nomail.com',6908),(227,22017,'Andrea.CHRIST@nomail.com',6907),(228,22017,'Anne.M?CK@nomail.com',6880),(229,22017,'Katharina.PFAFF@nomail.com',6875),(230,22017,'Elena.LEHRER@nomail.com',6856),(231,22017,'Luisa.DUGASOVA@nomail.com',6832),(232,22017,'Isolde.FRANZ@nomail.com',6813),(233,22017,'Tanja.PFLEGER@nomail.com',6812),(234,22017,'Theresa.ZERKOLL@nomail.com',6808),(235,22017,'Eva.LEDERER@nomail.com',6801),(236,22017,'Philumena.BAUER@nomail.com',6790),(237,22017,'Juliane.HOLLER@nomail.com',6754),(238,22017,'Doris.BREMBERGER@nomail.com',6751),(239,22017,'Ellen.B?LL@nomail.com',6739),(240,22017,'Melanie.WEISS@nomail.com',6711),(241,22017,'Angela.SELIC@nomail.com',6700),(242,22017,'Kathi.KURAT@nomail.com',6684),(243,22017,'Johanna.MANG@nomail.com',6672),(244,22017,'Luisa.SEUFERT@nomail.com',6672),(245,22017,'Johanna.HIESINGER@nomail.com',6626),(246,22017,'Ute.HLOBIL@nomail.com',6625),(247,22017,'Andrea.SAUBERER@nomail.com',6621),(248,22017,'Maya.ELBARANES@nomail.com',6610),(249,22017,'Ina.G?NNER@nomail.com',6603),(250,22017,'Pamina.PAMMER@nomail.com',6579),(251,22017,'Claudia.GIACOMAZZI@nomail.com',6572),(252,22017,'Karin.BRANDSTETTER@nomail.com',6561),(253,22017,'Laura.MILENKOVIC@nomail.com',6534),(254,22017,'Paula.HORAUER@nomail.com',6504),(255,22017,'Philippa.KAUFMANN@nomail.com',6504),(256,22017,'Susanne.KALLIANY@nomail.com',6488),(257,22017,'Caroline.ARNDORFER@nomail.com',6467),(258,22017,'Anna.SCH?FER@nomail.com',6437),(259,22017,'Katharina.ESWEIN@nomail.com',6430),(260,22017,'Laura.BOYER@nomail.com',6405),(261,22017,'Doris.SCHREMSER@nomail.com',6400),(262,22017,'Lisa.ANDR?@nomail.com',6386),(263,22017,'Annika.KERN@nomail.com',6325),(264,22017,'Michaela.SLACH@nomail.com',6309),(265,22017,'Jaqueline.HERINCS@nomail.com',6308),(266,22017,'Silvija.PERAS-Cakara@nomail.com',6299),(267,22017,'Tina.CAKARA@nomail.com',6297),(268,22017,'Tanja.NEBENF?HR@nomail.com',6294),(269,22017,'Elisabeth.NEPPL@nomail.com',6274),(270,22017,'Karina.ZEHETNER@nomail.com',6234),(271,22017,'Maria.SELIC@nomail.com',6229),(272,22017,'Ira.FEDERSPIEL@nomail.com',6190),(273,22017,'Brigitte.MOSER-KMEN@nomail.com',6185),(274,22017,'Barbara.KUSTER@nomail.com',6183),(275,22017,'Hedi.HABERL@nomail.com',6165),(276,22017,'Elisabeth.CZICZEK@nomail.com',6150),(277,22017,'Carina.TEXL@nomail.com',6150),(278,22017,'Waltraud.POMPER@nomail.com',6142),(279,22017,'Alexandra.WITTMANN@nomail.com',6139),(280,22017,'Elo.RESCH-PILCIK@nomail.com',6119),(281,22017,'Verena.KLEJNA@nomail.com',6114),(282,22017,'Elmira.BERTAGNOLI@nomail.com',6051),(283,22017,'Helene.JOHNSTON@nomail.com',6046),(284,22017,'Sabrina.LISKA@nomail.com',6032),(285,22017,'Debby.JAUTZKE@nomail.com',6018),(286,22017,'Karin.TULZER@nomail.com',6012),(287,22017,'Dorothea.RUDOLPH@nomail.com',5997),(288,22017,'Lisa.BOYER@nomail.com',5950),(289,22017,'Julia.BERTHOLD@nomail.com',5932),(290,22017,'Veronika.ZARZER@nomail.com',5916),(291,22017,'Eva-Maria.KRATZER@nomail.com',5888),(292,22017,'Ursula.HINTERKIRCHNER@nomail.com',5871),(293,22017,'Alexandra.Z?LLSDORF@nomail.com',5763),(294,22017,'Svetlana.UMEROVA@nomail.com',5746),(295,22017,'Christine.ACKERL@nomail.com',5733),(296,22017,'Dzenita.HASAGIC@nomail.com',5674),(297,22017,'Clara.BURGSTALLER@nomail.com',5565),(298,22017,'Anna.ZUSER@nomail.com',5263),(299,22017,'Helene.BERTHOLD@nomail.com',4770),(300,22017,'Nina.KERRES@nomail.com',4665),(301,22017,'Claudia.SCHIEFER@nomail.com',4520),(302,22017,'Emily.BERTAGNOLI@nomail.com',4037),(303,22017,'Ferdinand.QUERFELD@nomail.com',8874),(304,22017,'Christoph.SEIFRIEDSBERGER@nomail.com',8645),(305,22017,'Robert.GRIESHOFER@nomail.com',8463),(306,22017,'Ante.MURER@nomail.com',8460),(307,22017,'Ron.KLOBER@nomail.com',8406),(308,22017,'Wolfgang.KIESL@nomail.com',8398),(309,22017,'Fabian.LAHRZ@nomail.com',8359),(310,22017,'Philipp.BRANDSTETTER@nomail.com',8354),(311,22017,'Alexander.KRATZER@nomail.com',8352),(312,22017,'Hannes.AMON@nomail.com',8344),(313,22017,'Alexander.BANFIELD-MUMB@nomail.com',8333),(314,22017,'Thomas.PLOCKE@nomail.com',8328),(315,22017,'Olaf.MORDHORST@nomail.com',8324),(316,22017,'Bruno.BACHMAIR@nomail.com',8310),(317,22017,'Sebastian.F?RTIG@nomail.com',8302),(318,22017,'Laszlo.KOKAS@nomail.com',8271),(319,22017,'Luirii.SUCHAK@nomail.com',8265),(320,22017,'Christian.K?NIGSHOFER@nomail.com',8252),(321,22017,'Alexander.FINSTER@nomail.com',8226),(322,22017,'Florian.WIENERT@nomail.com',8220),(323,22017,'Jim.BREEN@nomail.com',8217),(324,22017,'Nikolaus.BEER@nomail.com',8208),(325,22017,'Karl.?LLINGER@nomail.com',8207),(326,22017,'Martin.ANIMASHAUN@nomail.com',8203),(327,22017,'Mike.DE-PETRIS@nomail.com',8201),(328,22017,'Pete.SPIVEY@nomail.com',8187),(329,22017,'John.TUITE@nomail.com',8180),(330,22017,'Bendeguz.BIRO@nomail.com',8139),(331,22017,'Martin.BARTH@nomail.com',8128),(332,22017,'Gernot.HOFER@nomail.com',8113),(333,22017,'Peter.CHRISTENSEN@nomail.com',8108),(334,22017,'Dirk.SEWOHL@nomail.com',8103),(335,22017,'Johannes.GOTSMY@nomail.com',8086),(336,22017,'Rudolph.QUERFELD@nomail.com',8073),(337,22017,'Nikola.KRLOVIC@nomail.com',8053),(338,22017,'Giannis.MELACHROINAKIS@nomail.com',8039),(339,22017,'Martin.WANDL@nomail.com',8036),(340,22017,'Leo.B?LL@nomail.com',8032),(341,22017,'Markus.SCHNEEBERGER@nomail.com',8031),(342,22017,'Josef.BERTAGNOLI@nomail.com',8030),(343,22017,'Martin.PFAFFENEDER-KMEN@nomail.com',8024),(344,22017,'Max.LEHRER@nomail.com',8012),(345,22017,'Stanislav.MARTIN@nomail.com',8011),(346,22017,'Bendikt.NEPPL@nomail.com',8008),(347,22017,'Michael.STANGL@nomail.com',7985),(348,22017,'Paul.DRUCKER@nomail.com',7968),(349,22017,'Markus.ROSSLER@nomail.com',7961),(350,22017,'Manuel.PARG@nomail.com',7951),(351,22017,'Pascal.VELAN@nomail.com',7937),(352,22017,'Oliver.LEHRER@nomail.com',7925),(353,22017,'Mattia.PETERLE@nomail.com',7918),(354,22017,'Rainer.HABERL@nomail.com',7914),(355,22017,'Andreas.KRAL@nomail.com',7912),(356,22017,'Mario.MANDL@nomail.com',7906),(357,22017,'Erich.RIEDER@nomail.com',7906),(358,22017,'Alexander.WEIGL@nomail.com',7905),(359,22017,'Nikola.CVITAS@nomail.com',7892),(360,22017,'Mislav.BOBIC@nomail.com',7889),(361,22017,'Walter.VOGEL@nomail.com',7884),(362,22017,'Felix.KERRES@nomail.com',7874),(363,22017,'Ulf.HARTNER@nomail.com',7853),(364,22017,'Lukas.ASANOVIC@nomail.com',7849),(365,22017,'Richard.SELLINGER@nomail.com',7848),(366,22017,'Johannes.WEBERNDORFER@nomail.com',7838),(367,22017,'Leonardo.NAUSNER@nomail.com',7831),(368,22017,'Clemens.B?HMER@nomail.com',7822),(369,22017,'Stephan.F?RNKRANZ@nomail.com',7817),(370,22017,'Mattijs.HOLLER@nomail.com',7813),(371,22017,'Marko.MILODANOVIC@nomail.com',7803),(372,22017,'Maximilian.BR?NIMANN@nomail.com',7766),(373,22017,'Maxwell.SPIEGEL@nomail.com',7766),(374,22017,'Raimund.HABERL@nomail.com',7755),(375,22017,'Heimo.HINTERER@nomail.com',7754),(376,22017,'Tibor.VARGA@nomail.com',7754),(377,22017,'Norbert.SOLLINGER@nomail.com',7750),(378,22017,'Hans.K?NG@nomail.com',7744),(379,22017,'Leonhard.RIEMER@nomail.com',7730),(380,22017,'Christian.GARH?FER@nomail.com',7717),(381,22017,'Thomas.HIRM@nomail.com',7710),(382,22017,'Christian.RABEL@nomail.com',7694),(383,22017,'Lovro.CVITAS@nomail.com',7682),(384,22017,'Christian.SCHRAMM@nomail.com',7647),(385,22017,'Nikola.POPOVIC@nomail.com',7646),(386,22017,'Lorin.LEDERER@nomail.com',7643),(387,22017,'Leonard.HOMBERG@nomail.com',7641),(388,22017,'Max.MARINOV@nomail.com',7625),(389,22017,'Julius.KNOLLE@nomail.com',7610),(390,22017,'Niki.LEHRER@nomail.com',7609),(391,22017,'Benjamin.SVETINA@nomail.com',7606),(392,22017,'Rainer.KALLIANY@nomail.com',7599),(393,22017,'Nikolaus.KANDOLF@nomail.com',7579),(394,22017,'Gerald.LESMIKA@nomail.com',7570),(395,22017,'TIM.DWORSCHAK@nomail.com',7562),(396,22017,'Gerhard.SCHLEIDT@nomail.com',7561),(397,22017,'Paul.T?RKE@nomail.com',7559),(398,22017,'Adrian.REININGER@nomail.com',7554),(399,22017,'Matthias.KIESL@nomail.com',7553),(400,22017,'Hannes.B?HM@nomail.com',7537),(401,22017,'Helmut.BIENSTOCK@nomail.com',7530),(402,22017,'Stefan.MASSL@nomail.com',7530),(403,22017,'Christian.ARTNER@nomail.com',7527),(404,22017,'Matthias.SCHREINER@nomail.com',7520),(405,22017,'Thomas.KOCH@nomail.com',7459),(406,22017,'Orhan.MAGLAJLIC@nomail.com',7416),(407,22017,'Ali.GAGARINA@nomail.com',7410),(408,22017,'Dieter.BOYER@nomail.com',7408),(409,22017,'Edwin.BOYER@nomail.com',7395),(410,22017,'Nikolaus.TSCH?P@nomail.com',7379),(411,22017,'Oscar.LINDNER@nomail.com',7364),(412,22017,'Thorsten.METZ@nomail.com',7361),(413,22017,'Tobias.ST?TZ@nomail.com',7346),(414,22017,'Georg.LAA@nomail.com',7339),(415,22017,'Olaf.TEBBE@nomail.com',7326),(416,22017,'Noah.ROBIBARO@nomail.com',7323),(417,22017,'Willie.CLOHERTY@nomail.com',7306),(418,22017,'Volker.KUTTELWASCHER@nomail.com',7297),(419,22017,'Thomas.EBNER@nomail.com',7273),(420,22017,'Andreas.BERTHOLD@nomail.com',7265),(421,22017,'Milorad.CAKARA@nomail.com',7256),(422,22017,'Thomas.SCHLOSS@nomail.com',7255),(423,22017,'Thomas.NEPPL@nomail.com',7230),(424,22017,'Max.BIER@nomail.com',7227),(425,22017,'Simon.LEDERER@nomail.com',7223),(426,22017,'Davor.SLADOJE@nomail.com',7211),(427,22017,'Bernhard.PLATTER@nomail.com',7205),(428,22017,'Franz.GRATSCH@nomail.com',7171),(429,22017,'Erwin.HUBER@nomail.com',7163),(430,22017,'Lukas.FINSTER@nomail.com',7152),(431,22017,'Robert.MOSEK@nomail.com',7140),(432,22017,'Reinhard.SIEBERER@nomail.com',7062),(433,22017,'Alexander.MACHECK@nomail.com',7051),(434,22017,'Roman.KLIKOVITS@nomail.com',7032),(435,22017,'Martin.K?HR@nomail.com',7025),(436,22017,'Stefan.R?HRLE@nomail.com',7016),(437,22017,'Otto.HAJEK@nomail.com',7015),(438,22017,'Roland.T?RKE@nomail.com',7012),(439,22017,'Peter.POMPER@nomail.com',7006),(440,22017,'Lorcan.LINDNER@nomail.com',6999),(441,22017,'Alexander.SCHLOSS@nomail.com',6946),(442,22017,'Philipp.BOGDANOV@nomail.com',6914),(443,22017,'Roman.ARNDORFER@nomail.com',6905),(444,22017,'Refat.SEYDAMETOV@nomail.com',6900),(445,22017,'Markus.HAUSNER@nomail.com',6881),(446,22017,'Nil.REDA@nomail.com',6881),(447,22017,'Christoph.KICKER@nomail.com',6872),(448,22017,'Gilbert.BRETTERBAUER@nomail.com',6857),(449,22017,'Michael.IRRGANG@nomail.com',6833),(450,22017,'Peter.Z?HLSDORFF@nomail.com',6832),(451,22017,'Eric.FREY@nomail.com',6831),(452,22017,'Stefan.ROZPORKA@nomail.com',6831),(453,22017,'Norbert.HLOBIL@nomail.com',6827),(454,22017,'Muslim.SULTAN-BEKOW@nomail.com',6823),(455,22017,'Bj?rn.BIELEC@nomail.com',6821),(456,22017,'Wolfgang.WIENERT@nomail.com',6820),(457,22017,'Johannes.SLACH@nomail.com',6803),(458,22017,'Reinhard.PILLER@nomail.com',6794),(459,22017,'Johannes.FELDSCHER@nomail.com',6730),(460,22017,'Erhard.SELIGER@nomail.com',6728),(461,22017,'Martin.HORAUER@nomail.com',6721),(462,22017,'J?rg.HOLL@nomail.com',6719),(463,22017,'Felix.GANSTER@nomail.com',6671),(464,22017,'Thomas.BERKES@nomail.com',6650),(465,22017,'Peter.DWORZAK@nomail.com',6650),(466,22017,'Janos.HALASZ@nomail.com',6641),(467,22017,'Hubert.MOSER@nomail.com',6616),(468,22017,'Dieter.HOLZER@nomail.com',6615),(469,22017,'Philipp.REISINGER@nomail.com',6580),(470,22017,'Wolfgang.MASSL@nomail.com',6574),(471,22017,'Karl.WAGEMANN@nomail.com',6562),(472,22017,'Martin.BANDERA@nomail.com',6516),(473,22017,'Ernst.CHOWANETZ@nomail.com',6410),(474,22017,'Albert.BANDERA@nomail.com',6368),(475,22017,'Benjamin.METZ@nomail.com',6359),(476,22017,'Philipp.GELBMANN@nomail.com',6340),(477,22017,'G?nter.WOCH@nomail.com',6334),(478,22017,'Wilhelm.TULZER@nomail.com',6314),(479,22017,'Daniel.WAGNER@nomail.com',6274),(480,22017,'Dietmar.PUDER@nomail.com',6267),(481,22017,'Fritz.RING@nomail.com',6251),(482,22017,'Brian.LINDNER@nomail.com',6181),(483,22017,'Hannes.ASMERA@nomail.com',6169),(484,22017,'Kurt.PALMBERGER@nomail.com',6122),(485,22017,'Gerhard.ASMERA@nomail.com',6050),(486,22017,'Kurt.SANDH?UGL@nomail.com',6007),(487,22017,'Daniel.BERTHOLD@nomail.com',6000),(488,22017,'Alois.LEHBAUER@nomail.com',5917),(489,22017,'Aleks.SVETINA@nomail.com',5858),(490,22017,'Julian.WIENERT@nomail.com',5452),(491,22017,'Michael.GOLDFARB@nomail.com',5263),(492,22017,'Andreas.BERTAGNOLI@nomail.com',5227),(493,22017,'Peter.HORAUER@nomail.com',4688),(494,22017,'Viktor.PANCESKI@nomail.com',4437),(495,32017,'Birgit.P?HRINGER@nomail.com',8010),(496,32017,'Birgit.NEUWIRTH@nomail.com',7777),(497,32017,'Scarlett.GELLESZUN@nomail.com',7715),(498,32017,'Mirta.BUCHINGER@nomail.com',7509),(499,32017,'Elvira.THONHOFER@nomail.com',7493),(500,32017,'Sara.LAMBING@nomail.com',7464),(501,32017,'Stefanie.BORZACCINI@nomail.com',7438),(502,32017,'Julia.HANISCH@nomail.com',7296),(503,32017,'Ivana.BACANOVIC@nomail.com',7277),(504,32017,'Henriette.RINGLEB@nomail.com',7268),(505,32017,'Barbara.LUNG@nomail.com',7188),(506,32017,'Maria.PFNEISZL@nomail.com',7151),(507,32017,'Angela.SELIC@nomail.com',7136),(508,32017,'Claudia.STUBY@nomail.com',7108),(509,32017,'Inge.STEKL@nomail.com',7105),(510,32017,'Melanie.WEISS@nomail.com',7083),(511,32017,'Elena.LEHRER@nomail.com',7050),(512,32017,'Tina.REISENKOPF@nomail.com',7049),(513,32017,'Andrea.CHRIST@nomail.com',7039),(514,32017,'Eva.HAUER-PAVLIK@nomail.com',7014),(515,32017,'Dani.BANDERA@nomail.com',7003),(516,32017,'Klara.GMEINBAUER@nomail.com',6982),(517,32017,'Katharina.PFAFF@nomail.com',6971),(518,32017,'Tanja.PFLEGER@nomail.com',6917),(519,32017,'Maya.ELBARANES@nomail.com',6910),(520,32017,'Louisa.ALTENHUBER@nomail.com',6909),(521,32017,'Verena.SCHENZINGER@nomail.com',6906),(522,32017,'Laura.ARNDORFER@nomail.com',6876),(523,32017,'Theresa.ZERKOLL@nomail.com',6868),(524,32017,'Gerlinde.BIWALD@nomail.com',6851),(525,32017,'Ina.G?NNER@nomail.com',6832),(526,32017,'Marlis.SCHMIDT@nomail.com',6832),(527,32017,'Laura.MILENKOVIC@nomail.com',6830),(528,32017,'Meri.BOSNIC@nomail.com',6827),(529,32017,'Kathi.KURAT@nomail.com',6806),(530,32017,'Eva.LEDERER@nomail.com',6801),(531,32017,'Marlene.LEHDORFER@nomail.com',6781),(532,32017,'Petra.KAUDELKA@nomail.com',6779),(533,32017,'Ute.HLOBIL@nomail.com',6744),(534,32017,'Lisa.ANDR?@nomail.com',6736),(535,32017,'Heidi.GOLDFARB@nomail.com',6731),(536,32017,'Luisa.DUGASOVA@nomail.com',6727),(537,32017,'Megan.GSCHAIDER@nomail.com',6710),(538,32017,'Nadine.SOMMERFELD@nomail.com',6700),(539,32017,'Johanna.MANG@nomail.com',6684),(540,32017,'Lea.SPIERER@nomail.com',6677),(541,32017,'Doris.DINTNER@nomail.com',6670),(542,32017,'Claudia.GIACOMAZZI@nomail.com',6667),(543,32017,'Victoria.SLACH@nomail.com',6664),(544,32017,'Karin.WINDL@nomail.com',6645),(545,32017,'Birgit.STEININGER@nomail.com',6638),(546,32017,'Luisa.SEUFERT@nomail.com',6632),(547,32017,'Michaela.BAUMEISTER@nomail.com',6624),(548,32017,'Doris.BREMBERGER@nomail.com',6621),(549,32017,'Eszter.HAUER@nomail.com',6620),(550,32017,'Katharina.ESWEIN@nomail.com',6606),(551,32017,'Ellen.B?LL@nomail.com',6588),(552,32017,'Susanne.KALLIANY@nomail.com',6583),(553,32017,'Laura.BOYER@nomail.com',6573),(554,32017,'Doris.SCHREMSER@nomail.com',6547),(555,32017,'Caroline.ARNDORFER@nomail.com',6541),(556,32017,'Andrea.SAUBERER@nomail.com',6534),(557,32017,'Christine.ROBICSEK@nomail.com',6524),(558,32017,'Brigitte.MOSER-KMEN@nomail.com',6470),(559,32017,'Karin.BRANDSTETTER@nomail.com',6454),(560,32017,'Karina.ZEHETNER@nomail.com',6446),(561,32017,'Franziska.HOELL@nomail.com',6435),(562,32017,'Jaqueline.HERINCS@nomail.com',6403),(563,32017,'Elisabeth.NEPPL@nomail.com',6347),(564,32017,'Maria.SELIC@nomail.com',6335),(565,32017,'Elo.RESCH-PILCIK@nomail.com',6331),(566,32017,'Alexandra.LEHRER@nomail.com',6328),(567,32017,'Ira.FEDERSPIEL@nomail.com',6310),(568,32017,'Catherine.GENTIL@nomail.com',6306),(569,32017,'Astrid.TIEFENBACHER@nomail.com',6296),(570,32017,'Hasmik.BAROIAN-HAFTVANI@nomail.com',6206),(571,32017,'Waltraud.POMPER@nomail.com',6206),(572,32017,'Elisabeth.CZICZEK@nomail.com',6202),(573,32017,'Jadranka.ZIVKOVIC@nomail.com',6198),(574,32017,'Renee.ST?TZ@nomail.com',6184),(575,32017,'Verena.KLEJNA@nomail.com',6180),(576,32017,'Hedi.HABERL@nomail.com',6179),(577,32017,'Alexandra.WITTMANN@nomail.com',6151),(578,32017,'Carina.TEXL@nomail.com',6141),(579,32017,'Annemarie.GOLDSCHMIED@nomail.com',6139),(580,32017,'Helene.JOHNSTON@nomail.com',6135),(581,32017,'Dzenita.HASAGIC@nomail.com',6134),(582,32017,'Barbara.KUSTER@nomail.com',6109),(583,32017,'Eva-Maria.KRATZER@nomail.com',6089),(584,32017,'Debby.JAUTZKE@nomail.com',6075),(585,32017,'Anja.CAKARA@nomail.com',6002),(586,32017,'Lucie.VENCELISEDOVA@nomail.com',5973),(587,32017,'Veronika.ZARZER@nomail.com',5926),(588,32017,'Julia.BERTHOLD@nomail.com',5918),(589,32017,'Elmira.BERTAGNOLI@nomail.com',5851),(590,32017,'Elisabeth.REITHER@nomail.com',5840),(591,32017,'Tina.CAKARA@nomail.com',5819),(592,32017,'Karin.HAMMER@nomail.com',5812),(593,32017,'Christine.ACKERL@nomail.com',5807),(594,32017,'Svetlana.UMEROVA@nomail.com',5796),(595,32017,'Gabriele.GREIMEL@nomail.com',5760),(596,32017,'Angela.SCHMID-PEISCHL@nomail.com',5712),(597,32017,'Marinella.DELFRATE@nomail.com',5662),(598,32017,'Ursula.HINTERKIRCHNER@nomail.com',5610),(599,32017,'Kirsteen.MENDOZA@nomail.com',5600),(600,32017,'Marlene.HAMEDL@nomail.com',5561),(601,32017,'Helene.BERTHOLD@nomail.com',5420),(602,32017,'Nora.AUER@nomail.com',5409),(603,32017,'Esther.SAUER@nomail.com',5371),(604,32017,'Irmgard.SELIGER@nomail.com',5311),(605,32017,'Svetlana.MARKSIMOVITS@nomail.com',5300),(606,32017,'Lea.OVCINA@nomail.com',5260),(607,32017,'Ilse.MEISINGER@nomail.com',5160),(608,32017,'Doris.SANDH?UGL@nomail.com',5115),(609,32017,'Sara.GASPARONI@nomail.com',4883),(610,32017,'Claudia.SCHIEFER@nomail.com',4212),(611,32017,'Nina.KERRES@nomail.com',4137),(612,32017,'Doris.HERMANN@nomail.com',4008),(613,32017,'Emily.BERTAGNOLI@nomail.com',3520),(614,32017,'Ferdinand.QUERFELD@nomail.com',9144),(615,32017,'Christoph.SEIFRIEDSBERGER@nomail.com',8902),(616,32017,'Marko.MILODANOVIC@nomail.com',8565),(617,32017,'Olaf.MORDHORST@nomail.com',8544),(618,32017,'Mattijs.HOLLER@nomail.com',8472),(619,32017,'Rudolph.QUERFELD@nomail.com',8429),(620,32017,'Bruno.BACHMAIR@nomail.com',8424),(621,32017,'Thomas.PLOCKE@nomail.com',8383),(622,32017,'Ron.KLOBER@nomail.com',8371),(623,32017,'Alexander.BANFIELD-MUMB@nomail.com',8370),(624,32017,'Alexander.KRATZER@nomail.com',8359),(625,32017,'Georg.MANTLER@nomail.com',8330),(626,32017,'Laszlo.KOKAS@nomail.com',8327),(627,32017,'Luirii.SUCHAK@nomail.com',8310),(628,32017,'Mislav.BOBIC@nomail.com',8282),(629,32017,'Phil.STEKL@nomail.com',8282),(630,32017,'Christian.K?NIGSHOFER@nomail.com',8255),(631,32017,'Johannes.GOTSMY@nomail.com',8235),(632,32017,'Dirk.SEWOHL@nomail.com',8233),(633,32017,'Florian.NIMMERVOLL@nomail.com',8197),(634,32017,'Martin.BARTH@nomail.com',8152),(635,32017,'Stephen.BIWALD@nomail.com',8150),(636,32017,'David.DIEL@nomail.com',8145),(637,32017,'Alex.FARKAS@nomail.com',8145),(638,32017,'Karl.?LLINGER@nomail.com',8141),(639,32017,'Pete.SPIVEY@nomail.com',8133),(640,32017,'Peter.CHRISTENSEN@nomail.com',8123),(641,32017,'Nikolaus.BEER@nomail.com',8118),(642,32017,'Bendeguz.BIRO@nomail.com',8104),(643,32017,'Gernot.HOFER@nomail.com',8104),(644,32017,'Paul.MANSTETTEN@nomail.com',8092),(645,32017,'Martin.WANDL@nomail.com',8090),(646,32017,'Martin.PFAFFENEDER-KMEN@nomail.com',8051),(647,32017,'Pascal.VELAN@nomail.com',8049),(648,32017,'Mario.MANDL@nomail.com',8041),(649,32017,'Josef.BERTAGNOLI@nomail.com',8030),(650,32017,'Markus.SCHNEEBERGER@nomail.com',8022),(651,32017,'Martin.ANIMASHAUN@nomail.com',8019),(652,32017,'Clemens.L?FFLER@nomail.com',8013),(653,32017,'Mike.DE-PETRIS@nomail.com',8012),(654,32017,'Nikola.KRLOVIC@nomail.com',8003),(655,32017,'Markus.ROSSLER@nomail.com',7994),(656,32017,'Felix.KERRES@nomail.com',7989),(657,32017,'Clemens.B?HMER@nomail.com',7960),(658,32017,'Michael.STANGL@nomail.com',7955),(659,32017,'Richard.SELLINGER@nomail.com',7946),(660,32017,'Thomas.KROPIK@nomail.com',7907),(661,32017,'Bernhard.SCHIRK@nomail.com',7898),(662,32017,'Mattia.PETERLE@nomail.com',7880),(663,32017,'John.TUITE@nomail.com',7878),(664,32017,'Stephan.F?RNKRANZ@nomail.com',7876),(665,32017,'Philipp.BRANDSTETTER@nomail.com',7868),(666,32017,'Oliver.LEHRER@nomail.com',7862),(667,32017,'Hans.K?NG@nomail.com',7858),(668,32017,'Raimund.HABERL@nomail.com',7856),(669,32017,'Martin.VOKROJ@nomail.com',7824),(670,32017,'Manuel.PARG@nomail.com',7819),(671,32017,'Leonardo.NAUSNER@nomail.com',7815),(672,32017,'Tibor.VARGA@nomail.com',7805),(673,32017,'Leonard.HOMBERG@nomail.com',7802),(674,32017,'Hannes.AMON@nomail.com',7797),(675,32017,'Maximilian.BR?NIMANN@nomail.com',7782),(676,32017,'Walter.VOGEL@nomail.com',7754),(677,32017,'Helmut.FR?HLICH@nomail.com',7753),(678,32017,'Lorin.LEDERER@nomail.com',7741),(679,32017,'Johannes.WEBERNDORFER@nomail.com',7735),(680,32017,'Andreas.KRAL@nomail.com',7729),(681,32017,'Robert.MAIER@nomail.com',7723),(682,32017,'Nikola.POPOVIC@nomail.com',7720),(683,32017,'Robert.MOSEK@nomail.com',7718),(684,32017,'Hannes.B?HM@nomail.com',7714),(685,32017,'Thomas.MAIER@nomail.com',7710),(686,32017,'Wolfgang.BAUER@nomail.com',7709),(687,32017,'Gerald.LESMIKA@nomail.com',7693),(688,32017,'Gernot.FADERBAUER@nomail.com',7688),(689,32017,'Nikolaus.SCHILCHER@nomail.com',7641),(690,32017,'Alexander.BUCHINGER@nomail.com',7638),(691,32017,'Oscar.LINDNER@nomail.com',7635),(692,32017,'Ali.GAGARINA@nomail.com',7634),(693,32017,'Paul.T?RKE@nomail.com',7617),(694,32017,'Michael.POMPER@nomail.com',7616),(695,32017,'Robert.PROKOPP@nomail.com',7611),(696,32017,'Stefan.MASSL@nomail.com',7609),(697,32017,'Rainer.KALLIANY@nomail.com',7605),(698,32017,'Gerhard.KALLOCH@nomail.com',7601),(699,32017,'Christian.SCHRAMM@nomail.com',7583),(700,32017,'Niki.LEHRER@nomail.com',7559),(701,32017,'Gerhard.SCHLEIDT@nomail.com',7551),(702,32017,'Nikolaus.TSCH?P@nomail.com',7534),(703,32017,'Michael.ZWILLINK@nomail.com',7530),(704,32017,'Julius.KNOLLE@nomail.com',7527),(705,32017,'Max.LEHRER@nomail.com',7525),(706,32017,'Noah.ROBIBARO@nomail.com',7524),(707,32017,'Florian.WIENERT@nomail.com',7514),(708,32017,'Johannes.GIERING@nomail.com',7511),(709,32017,'Gerald.STUMPTNER@nomail.com',7504),(710,32017,'Robert.HUFNAGEL@nomail.com',7502),(711,32017,'Benjamin.SVETINA@nomail.com',7486),(712,32017,'David.NEUBAUER@nomail.com',7464),(713,32017,'Helmut.BIENSTOCK@nomail.com',7455),(714,32017,'Thomas.KOCH@nomail.com',7446),(715,32017,'Thomas.EBNER@nomail.com',7443),(716,32017,'Georg.LAA@nomail.com',7443),(717,32017,'Dieter.BOYER@nomail.com',7423),(718,32017,'Willie.CLOHERTY@nomail.com',7412),(719,32017,'Christian.ARTNER@nomail.com',7370),(720,32017,'Norbert.SOLLINGER@nomail.com',7370),(721,32017,'Daniel.HAAS@nomail.com',7360),(722,32017,'Matthias.KOOP@nomail.com',7360),(723,32017,'Andreas.BERTHOLD@nomail.com',7359),(724,32017,'Matthias.SCHREINER@nomail.com',7343),(725,32017,'Franz.GRATSCH@nomail.com',7339),(726,32017,'Milorad.CAKARA@nomail.com',7329),(727,32017,'Nikolaus.KANDOLF@nomail.com',7316),(728,32017,'Rudi.ESWEIN@nomail.com',7296),(729,32017,'Volker.KUTTELWASCHER@nomail.com',7290),(730,32017,'Erwin.HUBER@nomail.com',7259),(731,32017,'Henrik.NEIER@nomail.com',7258),(732,32017,'Thomas.NEPPL@nomail.com',7257),(733,32017,'Thomas.SCHLOSS@nomail.com',7214),(734,32017,'Martin.B?HM@nomail.com',7190),(735,32017,'Simon.LEDERER@nomail.com',7150),(736,32017,'Stefan.R?HRLE@nomail.com',7133),(737,32017,'Michael.SHEA@nomail.com',7128),(738,32017,'Nil.REDA@nomail.com',7123),(739,32017,'Christoph.KICKER@nomail.com',7114),(740,32017,'Reinhard.SIEBERER@nomail.com',7113),(741,32017,'Roman.KLIKOVITS@nomail.com',7107),(742,32017,'Roland.T?RKE@nomail.com',7106),(743,32017,'Markus.HAUSNER@nomail.com',7086),(744,32017,'Edwin.BOYER@nomail.com',7076),(745,32017,'Muslim.SULTAN-BEKOW@nomail.com',7071),(746,32017,'Otto.HAJEK@nomail.com',7070),(747,32017,'Roman.ARNDORFER@nomail.com',7064),(748,32017,'Attila.SECHSLEHNER@nomail.com',7048),(749,32017,'Thorsten.METZ@nomail.com',7040),(750,32017,'Michael.IRRGANG@nomail.com',7038),(751,32017,'Christopher.PETRI@nomail.com',7025),(752,32017,'Wolfgang.WIENERT@nomail.com',7024),(753,32017,'Philipp.BOGDANOV@nomail.com',7023),(754,32017,'Martin.HORAUER@nomail.com',7015),(755,32017,'Johannes.SLACH@nomail.com',6992),(756,32017,'Thomas.HIRM@nomail.com',6988),(757,32017,'Refat.SEYDAMETOV@nomail.com',6980),(758,32017,'Peter.POMPER@nomail.com',6961),(759,32017,'Norbert.HLOBIL@nomail.com',6945),(760,32017,'Eric.FREY@nomail.com',6926),(761,32017,'Manfred.SEITNER@nomail.com',6912),(762,32017,'Lukas.TOBLER@nomail.com',6907),(763,32017,'Christian.ANTON@nomail.com',6903),(764,32017,'Michael.JOHANN@nomail.com',6903),(765,32017,'R?diger.FOX@nomail.com',6878),(766,32017,'Johannes.FELDSCHER@nomail.com',6866),(767,32017,'Karl.WAGEMANN@nomail.com',6840),(768,32017,'Max.MARINOV@nomail.com',6838),(769,32017,'Alexander.SCHLOSS@nomail.com',6838),(770,32017,'J?rg.HOLL@nomail.com',6829),(771,32017,'Peter.DWORZAK@nomail.com',6828),(772,32017,'Wolfgang.POINTNER@nomail.com',6825),(773,32017,'Thomas.BERKES@nomail.com',6776),(774,32017,'Victor.HOFMANN@nomail.com',6775),(775,32017,'Dieter.HOLZER@nomail.com',6772),(776,32017,'Erhard.SELIGER@nomail.com',6768),(777,32017,'Bj?rn.BIELEC@nomail.com',6753),(778,32017,'Franz.RANSMAYR@nomail.com',6739),(779,32017,'Philipp.REISINGER@nomail.com',6728),(780,32017,'Martin.BANDERA@nomail.com',6705),(781,32017,'Janos.HALASZ@nomail.com',6682),(782,32017,'Brian.LINDNER@nomail.com',6665),(783,32017,'Walter.TIEFENBACHER@nomail.com',6651),(784,32017,'Sven.POHLANDT@nomail.com',6634),(785,32017,'Wolfgang.MASSL@nomail.com',6620),(786,32017,'Philipp.GELBMANN@nomail.com',6583),(787,32017,'Gerhard.GOLDSCHMIED@nomail.com',6567),(788,32017,'Arno.K?PPLINGER@nomail.com',6565),(789,32017,'Lukas.PLISEK@nomail.com',6564),(790,32017,'Andreas.ALTENHUBER@nomail.com',6503),(791,32017,'Berndt.QUERFELD@nomail.com',6492),(792,32017,'Ernst.CHOWANETZ@nomail.com',6480),(793,32017,'Hannes.ASMERA@nomail.com',6454),(794,32017,'Bruno.ROBIBARO@nomail.com',6444),(795,32017,'Michael.NANDORI@nomail.com',6429),(796,32017,'Benjamin.METZ@nomail.com',6388),(797,32017,'Kurt.PALMBERGER@nomail.com',6380),(798,32017,'Albert.BANDERA@nomail.com',6335),(799,32017,'G?nter.WOCH@nomail.com',6313),(800,32017,'Fritz.RING@nomail.com',6269),(801,32017,'Kurt.SANDH?UGL@nomail.com',6258),(802,32017,'Gerhard.ASMERA@nomail.com',6240),(803,32017,'Peter.PREISS@nomail.com',6201),(804,32017,'Daniel.BERTHOLD@nomail.com',6200),(805,32017,'Michael.GOLDFARB@nomail.com',6175),(806,32017,'Alex.NEUWIRTH@nomail.com',6170),(807,32017,'Viktor.LUNDIN@nomail.com',6131),(808,32017,'Johann.EMHOFER@nomail.com',6122),(809,32017,'Alfred.BOLZHUBER@nomail.com',6092),(810,32017,'Edi.RUF@nomail.com',6070),(811,32017,'G?nther.FADERBAUER@nomail.com',6002),(812,32017,'Aleks.SVETINA@nomail.com',5980),(813,32017,'Julian.WIENERT@nomail.com',5960),(814,32017,'Alois.LEHBAUER@nomail.com',5902),(815,32017,'Herbert.HENGL@nomail.com',5630),(816,32017,'Wolfgang.KARNER@nomail.com',5527),(817,32017,'Peter.HORAUER@nomail.com',5191),(818,32017,'Jakob.SCHMID@nomail.com',4009),(819,42017,'Scarlett.GELLESZUN@nomail.com',7711),(820,42017,'Mirta.BUCHINGER@nomail.com',7534),(821,42017,'Elvira.THONHOFER@nomail.com',7534),(822,42017,'Sara.LAMBING@nomail.com',7453),(823,42017,'Birgit.P?HRINGER@nomail.com',7317),(824,42017,'Petra.KAUDELKA@nomail.com',7284),(825,42017,'Henriette.RINGLEB@nomail.com',7207),(826,42017,'Barbara.LUNG@nomail.com',7200),(827,42017,'Verena.SCHENZINGER@nomail.com',7085),(828,42017,'Inge.STEKL@nomail.com',7066),(829,42017,'Maria.PFNEISZL@nomail.com',7064),(830,42017,'Maria.SELIC@nomail.com',7055),(831,42017,'Maya.ELBARANES@nomail.com',7048),(832,42017,'Louisa.ALTENHUBER@nomail.com',7042),(833,42017,'Laura.ARNDORFER@nomail.com',7033),(834,42017,'Orsolya.KLAUSZ@nomail.com',7018),(835,42017,'Laura.MILENKOVIC@nomail.com',7016),(836,42017,'Aedal.ROSZKOWSKY@nomail.com',7006),(837,42017,'Angela.SELIC@nomail.com',7000),(838,42017,'Sylvia.KLEIMANN@nomail.com',6975),(839,42017,'Thersa.FEDDERSEN@nomail.com',6969),(840,42017,'Elke.NIGL-EDER@nomail.com',6931),(841,42017,'Anne.M?CK@nomail.com',6926),(842,42017,'Klara.GMEINBAUER@nomail.com',6900),(843,42017,'Claudia.STUBY@nomail.com',6867),(844,42017,'Eszter.HAUER@nomail.com',6841),(845,42017,'Nadine.SOMMERFELD@nomail.com',6841),(846,42017,'Eva.LEDERER@nomail.com',6835),(847,42017,'Claudia.GIACOMAZZI@nomail.com',6820),(848,42017,'Kathi.KURAT@nomail.com',6819),(849,42017,'Victoria.SLACH@nomail.com',6800),(850,42017,'Johanna.MANG@nomail.com',6794),(851,42017,'Katharina.PFAFF@nomail.com',6771),(852,42017,'Luisa.DUGASOVA@nomail.com',6767),(853,42017,'Kaja.VORHAUER@nomail.com',6762),(854,42017,'Michaela.BAUMEISTER@nomail.com',6749),(855,42017,'Ellen.B?LL@nomail.com',6738),(856,42017,'Megan.GSCHAIDER@nomail.com',6703),(857,42017,'Karin.WINDL@nomail.com',6698),(858,42017,'Theresa.ZERKOLL@nomail.com',6695),(859,42017,'Dani.BANDERA@nomail.com',6694),(860,42017,'Elena.LEHRER@nomail.com',6688),(861,42017,'Ute.HLOBIL@nomail.com',6684),(862,42017,'Doris.DINTNER@nomail.com',6627),(863,42017,'Andrea.SAUBERER@nomail.com',6627),(864,42017,'Birgit.STEININGER@nomail.com',6625),(865,42017,'Susanne.KALLIANY@nomail.com',6600),(866,42017,'Isabella.PFAFFENEDER-KMEN@nomail.com',6590),(867,42017,'Franziska.HOELL@nomail.com',6559),(868,42017,'Karin.BRANDSTETTER@nomail.com',6558),(869,42017,'Christine.ROBICSEK@nomail.com',6545),(870,42017,'Katharina.ESWEIN@nomail.com',6518),(871,42017,'Lili.PRETTERHOFER@nomail.com',6513),(872,42017,'Ina.G?NNER@nomail.com',6505),(873,42017,'Anna.SCH?FER@nomail.com',6494),(874,42017,'Karin.PREINDL@nomail.com',6492),(875,42017,'Luisa.SEUFERT@nomail.com',6487),(876,42017,'Elisabeth.BERGER@nomail.com',6479),(877,42017,'Hasmik.BAROIAN-HAFTVANI@nomail.com',6474),(878,42017,'Karina.ZEHETNER@nomail.com',6452),(879,42017,'Elisabeth.NEPPL@nomail.com',6444),(880,42017,'Michael.MADERTHANER@nomail.com',6435),(881,42017,'Julia.HANISCH@nomail.com',6430),(882,42017,'Jaqueline.HERINCS@nomail.com',6419),(883,42017,'Alexandra.LEHRER@nomail.com',6401),(884,42017,'Vera.KORNHOF@nomail.com',6378),(885,42017,'Eva.NYMAN@nomail.com',6363),(886,42017,'Ira.FEDERSPIEL@nomail.com',6319),(887,42017,'Laura.BOYER@nomail.com',6318),(888,42017,'Paula.HORAUER@nomail.com',6309),(889,42017,'Lisa.ANDR?@nomail.com',6303),(890,42017,'Astrid.TIEFENBACHER@nomail.com',6294),(891,42017,'Susanne.BLUM@nomail.com',6277),(892,42017,'Caroline.ARNDORFER@nomail.com',6259),(893,42017,'Ina.LUKL@nomail.com',6254),(894,42017,'Dzenita.HASAGIC@nomail.com',6242),(895,42017,'Waltraud.POMPER@nomail.com',6232),(896,42017,'Philippa.KAUFMANN@nomail.com',6222),(897,42017,'Verena.KLEJNA@nomail.com',6213),(898,42017,'Alexandra.Z?LLSDORF@nomail.com',6163),(899,42017,'Annemarie.GOLDSCHMIED@nomail.com',6157),(900,42017,'Hedi.HABERL@nomail.com',6132),(901,42017,'Angela.PENKNER@nomail.com',6129),(902,42017,'Elisabeth.CZICZEK@nomail.com',6113),(903,42017,'Sandra.LUTZ@nomail.com',6108),(904,42017,'Gabriela.PFALLER@nomail.com',6101),(905,42017,'Juliane.HOLLER@nomail.com',6094),(906,42017,'Eva-Maria.KRATZER@nomail.com',6090),(907,42017,'Sabrina.LISKA@nomail.com',6081),(908,42017,'Elmira.BERTAGNOLI@nomail.com',6076),(909,42017,'Melanie.WEISS@nomail.com',6074),(910,42017,'Lucie.VENCELISEDOVA@nomail.com',6070),(911,42017,'Karin.SPRINGER@nomail.com',6059),(912,42017,'Debby.JAUTZKE@nomail.com',6057),(913,42017,'Barbara.KUSTER@nomail.com',6038),(914,42017,'Gine.ZABRANA@nomail.com',6009),(915,42017,'Helene.JOHNSTON@nomail.com',5970),(916,42017,'Karin.HAMMER@nomail.com',5957),(917,42017,'Meri.BOSNIC@nomail.com',5878),(918,42017,'Ursula.HINTERKIRCHNER@nomail.com',5847),(919,42017,'Tina.CAKARA@nomail.com',5807),(920,42017,'Kirsteen.MENDOZA@nomail.com',5720),(921,42017,'Disa.MEDWED@nomail.com',5700),(922,42017,'Svenja.HARTENBERGER@nomail.com',5685),(923,42017,'Julia.BERTHOLD@nomail.com',5607),(924,42017,'Lisa.BOYER@nomail.com',5506),(925,42017,'Anja.CAKARA@nomail.com',5490),(926,42017,'Nora.AUER@nomail.com',5422),(927,42017,'Lea.OVCINA@nomail.com',5263),(928,42017,'Marlene.HAMEDL@nomail.com',5212),(929,42017,'Doris.SANDH?UGL@nomail.com',5178),(930,42017,'Esther.SAUER@nomail.com',5166),(931,42017,'Claudia.SCHIEFER@nomail.com',4763),(932,42017,'Helene.BERTHOLD@nomail.com',4759),(933,42017,'Emily.BERTAGNOLI@nomail.com',3785),(934,42017,'Christoph.SEIFRIEDSBERGER@nomail.com',8600),(935,42017,'Marko.MILODANOVIC@nomail.com',8582),(936,42017,'Hannes.AMON@nomail.com',8467),(937,42017,'Alexander.KRATZER@nomail.com',8459),(938,42017,'Olaf.MORDHORST@nomail.com',8425),(939,42017,'Thomas.PLOCKE@nomail.com',8409),(940,42017,'Georg.MANTLER@nomail.com',8401),(941,42017,'Philipp.BRANDSTETTER@nomail.com',8370),(942,42017,'Wolfgang.KIESL@nomail.com',8339),(943,42017,'Bruno.BACHMAIR@nomail.com',8324),(944,42017,'Paul.MANSTETTEN@nomail.com',8322),(945,42017,'Florian.WIENERT@nomail.com',8312),(946,42017,'Christian.P?HRINGER@nomail.com',8311),(947,42017,'Rudolph.QUERFELD@nomail.com',8286),(948,42017,'Alexander.BANFIELD-MUMB@nomail.com',8284),(949,42017,'Ron.KLOBER@nomail.com',8266),(950,42017,'Phil.STEKL@nomail.com',8264),(951,42017,'Ferdinand.QUERFELD@nomail.com',8233),(952,42017,'Nikolaus.BEER@nomail.com',8228),(953,42017,'Mattijs.HOLLER@nomail.com',8218),(954,42017,'Alex.FARKAS@nomail.com',8209),(955,42017,'Christian.K?NIGSHOFER@nomail.com',8209),(956,42017,'Karl.?LLINGER@nomail.com',8200),(957,42017,'Florian.NIMMERVOLL@nomail.com',8168),(958,42017,'Pascal.VELAN@nomail.com',8153),(959,42017,'Mike.DE-PETRIS@nomail.com',8151),(960,42017,'Bendikt.NEPPL@nomail.com',8144),(961,42017,'Dirk.SEWOHL@nomail.com',8135),(962,42017,'Martin.PFAFFENEDER-KMEN@nomail.com',8132),(963,42017,'Nikola.KRLOVIC@nomail.com',8113),(964,42017,'Bendeguz.BIRO@nomail.com',8106),(965,42017,'Clemens.L?FFLER@nomail.com',8096),(966,42017,'Raimund.HABERL@nomail.com',8083),(967,42017,'Martin.BARTH@nomail.com',8077),(968,42017,'Gernot.HOFER@nomail.com',8072),(969,42017,'Max.LEHRER@nomail.com',8059),(970,42017,'Markus.SCHNEEBERGER@nomail.com',8054),(971,42017,'Helmut.FR?HLICH@nomail.com',8047),(972,42017,'Martin.WANDL@nomail.com',8045),(973,42017,'Stephan.F?RNKRANZ@nomail.com',8033),(974,42017,'Heimo.HINTERER@nomail.com',8030),(975,42017,'Josef.BERTAGNOLI@nomail.com',8001),(976,42017,'Markus.ROSSLER@nomail.com',7999),(977,42017,'Mattia.PETERLE@nomail.com',7967),(978,42017,'Ulf.HARTNER@nomail.com',7964),(979,42017,'Tibor.VARGA@nomail.com',7955),(980,42017,'Hans.K?NG@nomail.com',7944),(981,42017,'Noah.ROBIBARO@nomail.com',7941),(982,42017,'Michael.STANGL@nomail.com',7935),(983,42017,'Johannes.GOTSMY@nomail.com',7923),(984,42017,'Martin.ANIMASHAUN@nomail.com',7907),(985,42017,'Oliver.LEHRER@nomail.com',7895),(986,42017,'Michael.POMPER@nomail.com',7889),(987,42017,'Pete.SPIVEY@nomail.com',7886),(988,42017,'Manuel.PARG@nomail.com',7877),(989,42017,'Philipp.PFALLER@nomail.com',7861),(990,42017,'Maximilian.BR?NIMANN@nomail.com',7856),(991,42017,'Sebastian.F?RTIG@nomail.com',7856),(992,42017,'Christian.SCHRAMM@nomail.com',7856),(993,42017,'Martin.POMPER@nomail.com',7855),(994,42017,'Mislav.BOBIC@nomail.com',7854),(995,42017,'Andreas.KRAL@nomail.com',7850),(996,42017,'Gerald.LESMIKA@nomail.com',7842),(997,42017,'Nikola.CVITAS@nomail.com',7835),(998,42017,'Erich.RIEDER@nomail.com',7805),(999,42017,'Walter.VOGEL@nomail.com',7782),(1000,42017,'Reinhard.STEINDL@nomail.com',7758),(1001,42017,'Stefan.MASSL@nomail.com',7755),(1002,42017,'Robert.MOSEK@nomail.com',7751),(1003,42017,'Thomas.HIRM@nomail.com',7727),(1004,42017,'Nikola.POPOVIC@nomail.com',7706),(1005,42017,'Robert.MAIER@nomail.com',7701),(1006,42017,'Benjamin.SVETINA@nomail.com',7699),(1007,42017,'David.ERKINGER@nomail.com',7691),(1008,42017,'Julius.KNOLLE@nomail.com',7657),(1009,42017,'Oscar.LINDNER@nomail.com',7656),(1010,42017,'Rainer.KALLIANY@nomail.com',7637),(1011,42017,'Matthias.KIESL@nomail.com',7632),(1012,42017,'Norbert.SOLLINGER@nomail.com',7623),(1013,42017,'David.NEUBAUER@nomail.com',7621),(1014,42017,'Gert.EBNER@nomail.com',7606),(1015,42017,'Maxwell.SPIEGEL@nomail.com',7587),(1016,42017,'Lorin.LEDERER@nomail.com',7580),(1017,42017,'Matthias.KOOP@nomail.com',7577),(1018,42017,'Johannes.GIERING@nomail.com',7563),(1019,42017,'Lukas.FINSTER@nomail.com',7555),(1020,42017,'Gerhard.SCHLEIDT@nomail.com',7538),(1021,42017,'Robert.PROKOPP@nomail.com',7532),(1022,42017,'Robert.HUFNAGEL@nomail.com',7521),(1023,42017,'Alexander.BUCHINGER@nomail.com',7515),(1024,42017,'Nikolaus.TSCH?P@nomail.com',7514),(1025,42017,'Paul.T?RKE@nomail.com',7509),(1026,42017,'Gerald.STUMPTNER@nomail.com',7503),(1027,42017,'Helmut.BIENSTOCK@nomail.com',7472),(1028,42017,'Leonardo.NAUSNER@nomail.com',7468),(1029,42017,'Olaf.TEBBE@nomail.com',7465),(1030,42017,'Thomas.KOCH@nomail.com',7464),(1031,42017,'Franz.GRATSCH@nomail.com',7451),(1032,42017,'Johann.EMHOFER@nomail.com',7430),(1033,42017,'Georg.LAA@nomail.com',7429),(1034,42017,'Volker.KUTTELWASCHER@nomail.com',7396),(1035,42017,'Edward.MIASNIKOV@nomail.com',7379),(1036,42017,'Tobias.ST?TZ@nomail.com',7353),(1037,42017,'Nikolaus.KANDOLF@nomail.com',7346),(1038,42017,'Hans-Martin.CZICZEK@nomail.com',7328),(1039,42017,'Rudi.ESWEIN@nomail.com',7320),(1040,42017,'Rupert.NEPPL@nomail.com',7310),(1041,42017,'Thomas.SCHLOSS@nomail.com',7310),(1042,42017,'Dieter.BOYER@nomail.com',7302),(1043,42017,'Philipp.BOGDANOV@nomail.com',7286),(1044,42017,'Andreas.BERTHOLD@nomail.com',7278),(1045,42017,'Richard.MALOUSEK@nomail.com',7250),(1046,42017,'Hannes.ASMERA@nomail.com',7240),(1047,42017,'Milorad.CAKARA@nomail.com',7232),(1048,42017,'Josef.BERGER@nomail.com',7212),(1049,42017,'Thomas.NEPPL@nomail.com',7206),(1050,42017,'TIM.DWORSCHAK@nomail.com',7198),(1051,42017,'Michael.SHEA@nomail.com',7185),(1052,42017,'Herbert.HIESINGER@nomail.com',7183),(1053,42017,'Martin.B?HM@nomail.com',7182),(1054,42017,'Christian.GARH?FER@nomail.com',7169),(1055,42017,'Roman.ARNDORFER@nomail.com',7167),(1056,42017,'Martin.HORAUER@nomail.com',7164),(1057,42017,'Simon.LEDERER@nomail.com',7155),(1058,42017,'Thomas.KLUGER@nomail.com',7146),(1059,42017,'Refat.SEYDAMETOV@nomail.com',7145),(1060,42017,'Stefan.R?HRLE@nomail.com',7137),(1061,42017,'Markus.HAUSNER@nomail.com',7116),(1062,42017,'Michael.IRRGANG@nomail.com',7112),(1063,42017,'Lorcan.LINDNER@nomail.com',7104),(1064,42017,'Thorsten.METZ@nomail.com',7103),(1065,42017,'Peter.POMPER@nomail.com',7101),(1066,42017,'Wilhelm.REINDL@nomail.com',7095),(1067,42017,'Robert.B?HM@nomail.com',7088),(1068,42017,'Bj?rn.BIELEC@nomail.com',7068),(1069,42017,'Norbert.FREIBERGER@nomail.com',7054),(1070,42017,'Reinhard.SIEBERER@nomail.com',7050),(1071,42017,'Manfred.SEITNER@nomail.com',7049),(1072,42017,'Roland.T?RKE@nomail.com',7032),(1073,42017,'Johannes.FELDSCHER@nomail.com',7025),(1074,42017,'Arno.K?PPLINGER@nomail.com',7020),(1075,42017,'Norbert.HLOBIL@nomail.com',7017),(1076,42017,'Berndt.QUERFELD@nomail.com',7013),(1077,42017,'R?diger.FOX@nomail.com',7004),(1078,42017,'Daniel.HAAS@nomail.com',7000),(1079,42017,'Ali.GAGARINA@nomail.com',6983),(1080,42017,'Markus.PAIER@nomail.com',6972),(1081,42017,'Wolfgang.WIENERT@nomail.com',6971),(1082,42017,'Otto.HAJEK@nomail.com',6930),(1083,42017,'Lukas.PLISEK@nomail.com',6906),(1084,42017,'Christoph.KICKER@nomail.com',6889),(1085,42017,'J?rg.HOLL@nomail.com',6877),(1086,42017,'Jens.MALLOW@nomail.com',6871),(1087,42017,'Michael.NANDORI@nomail.com',6861),(1088,42017,'Armin.KNAUTE@nomail.com',6818),(1089,42017,'Franz.RANSMAYR@nomail.com',6809),(1090,42017,'Peter.Z?HLSDORFF@nomail.com',6808),(1091,42017,'Brian.LINDNER@nomail.com',6804),(1092,42017,'Philipp.GELBMANN@nomail.com',6775),(1093,42017,'Jakob.FUCHS@nomail.com',6773),(1094,42017,'Wolfgang.POINTNER@nomail.com',6773),(1095,42017,'Stefe.WINDROITHER@nomail.com',6767),(1096,42017,'Eric.FREY@nomail.com',6766),(1097,42017,'Muslim.SULTAN-BEKOW@nomail.com',6766),(1098,42017,'Walter.TIEFENBACHER@nomail.com',6765),(1099,42017,'Karl.WAGEMANN@nomail.com',6761),(1100,42017,'Edwin.BOYER@nomail.com',6758),(1101,42017,'Bruno.ROBIBARO@nomail.com',6655),(1102,42017,'Alessandro.CONDORELLI@nomail.com',6639),(1103,42017,'Gerhard.GOLDSCHMIED@nomail.com',6636),(1104,42017,'Thomas.GR?NERT@nomail.com',6635),(1105,42017,'Thomas.MAIER@nomail.com',6624),(1106,42017,'Peter.DWORZAK@nomail.com',6620),(1107,42017,'Erhard.SELIGER@nomail.com',6619),(1108,42017,'Felix.GANSTER@nomail.com',6603),(1109,42017,'Wolfgang.MASSL@nomail.com',6591),(1110,42017,'Albert.BANDERA@nomail.com',6520),(1111,42017,'Reinhard.PILLER@nomail.com',6513),(1112,42017,'Victor.HOFMANN@nomail.com',6495),(1113,42017,'Ernst.CHOWANETZ@nomail.com',6480),(1114,42017,'Philipp.REISINGER@nomail.com',6369),(1115,42017,'Michael.ZWILLINK@nomail.com',6320),(1116,42017,'Kurt.SANDH?UGL@nomail.com',6300),(1117,42017,'G?nter.WOCH@nomail.com',6262),(1118,42017,'Gerhard.ASMERA@nomail.com',6218),(1119,42017,'Michael.GOLDFARB@nomail.com',6207),(1120,42017,'Daniel.BERTHOLD@nomail.com',6200),(1121,42017,'Peter.DIVJAK@nomail.com',6175),(1122,42017,'Alexander.MACHECK@nomail.com',6173),(1123,42017,'Dietmar.PUDER@nomail.com',6160),(1124,42017,'Alex.NEUWIRTH@nomail.com',6117),(1125,42017,'Fritz.RING@nomail.com',6109),(1126,42017,'Viktor.LUNDIN@nomail.com',5971),(1127,42017,'Matei.KADREV@nomail.com',5906),(1128,42017,'Alois.LEHBAUER@nomail.com',5852),(1129,42017,'Aleks.SVETINA@nomail.com',5844),(1130,42017,'Julian.WIENERT@nomail.com',5827),(1131,42017,'Ulf.NEIDHART@nomail.com',5517),(1132,42017,'Peter.HORAUER@nomail.com',5281),(1133,42017,'Joe.KOCH@nomail.com',4677),(1134,42017,'Michael.RUTHNER@nomail.com',4494),(1135,52017,'Birgit.NEUWIRTH@nomail.com',7804),(1136,52017,'Scarlett.GELLESZUN@nomail.com',7741),(1137,52017,'Ivana.BACANOVIC@nomail.com',7222),(1138,52017,'Barbara.LUNG@nomail.com',7200),(1139,52017,'Maria.PFNEISZL@nomail.com',7166),(1140,52017,'Orsolya.KLAUSZ@nomail.com',7138),(1141,52017,'Gerda.G?RIG@nomail.com',7094),(1142,52017,'Henriette.RINGLEB@nomail.com',7052),(1143,52017,'Inge.STEKL@nomail.com',7007),(1144,52017,'Claudia.STUBY@nomail.com',6992),(1145,52017,'Angela.SELIC@nomail.com',6990),(1146,52017,'Clara.BERGER@nomail.com',6970),(1147,52017,'Victoria.SLACH@nomail.com',6969),(1148,52017,'Maria.SELIC@nomail.com',6954),(1149,52017,'Tanja.PFLEGER@nomail.com',6950),(1150,52017,'Sylvia.KLEIMANN@nomail.com',6949),(1151,52017,'Maya.ELBARANES@nomail.com',6947),(1152,52017,'Laura.MILENKOVIC@nomail.com',6918),(1153,52017,'Marlis.SCHMIDT@nomail.com',6889),(1154,52017,'Thersa.FEDDERSEN@nomail.com',6860),(1155,52017,'Melanie.WEISS@nomail.com',6847),(1156,52017,'Katharina.PFAFF@nomail.com',6822),(1157,52017,'Anne.M?CK@nomail.com',6819),(1158,52017,'Michaela.BAUMEISTER@nomail.com',6782),(1159,52017,'Claudia.GIACOMAZZI@nomail.com',6755),(1160,52017,'Juliane.HOLLER@nomail.com',6724),(1161,52017,'Heidi.GOLDFARB@nomail.com',6721),(1162,52017,'Meri.BOSNIC@nomail.com',6711),(1163,52017,'Eva.LEDERER@nomail.com',6711),(1164,52017,'Lea.SPIERER@nomail.com',6668),(1165,52017,'Birgit.STEININGER@nomail.com',6639),(1166,52017,'Eszter.HAUER@nomail.com',6632),(1167,52017,'Karin.WINDL@nomail.com',6614),(1168,52017,'Karin.BRANDSTETTER@nomail.com',6599),(1169,52017,'Martina.SCHILLER@nomail.com',6597),(1170,52017,'Theresa.ZERKOLL@nomail.com',6579),(1171,52017,'Elisabeth.BERGER@nomail.com',6577),(1172,52017,'Szilvia.BOROS@nomail.com',6531),(1173,52017,'Doris.DINTNER@nomail.com',6525),(1174,52017,'Caroline.ARNDORFER@nomail.com',6524),(1175,52017,'Hasmik.BAROIAN-HAFTVANI@nomail.com',6506),(1176,52017,'Christine.ROBICSEK@nomail.com',6501),(1177,52017,'Karina.ZEHETNER@nomail.com',6496),(1178,52017,'Michaela.SLACH@nomail.com',6487),(1179,52017,'Doris.SCHREMSER@nomail.com',6485),(1180,52017,'Ina.LUKL@nomail.com',6466),(1181,52017,'Anna.SCH?FER@nomail.com',6435),(1182,52017,'Ira.FEDERSPIEL@nomail.com',6421),(1183,52017,'Jaqueline.HERINCS@nomail.com',6417),(1184,52017,'Michael.MADERTHANER@nomail.com',6409),(1185,52017,'Karin.PREINDL@nomail.com',6408),(1186,52017,'Elena.LEHRER@nomail.com',6395),(1187,52017,'Andrea.SAUBERER@nomail.com',6385),(1188,52017,'Gabriela.PFALLER@nomail.com',6346),(1189,52017,'Megan.GSCHAIDER@nomail.com',6329),(1190,52017,'Andrea.FRAUNSCHIEL@nomail.com',6302),(1191,52017,'Marlene.LEHDORFER@nomail.com',6301),(1192,52017,'Laura.ARNDORFER@nomail.com',6256),(1193,52017,'Hedi.HABERL@nomail.com',6252),(1194,52017,'Verena.KLEJNA@nomail.com',6252),(1195,52017,'Pamina.PAMMER@nomail.com',6225),(1196,52017,'Ina.G?NNER@nomail.com',6220),(1197,52017,'Louisa.ALTENHUBER@nomail.com',6209),(1198,52017,'Disa.MEDWED@nomail.com',6203),(1199,52017,'Elisabeth.CZICZEK@nomail.com',6201),(1200,52017,'Eva-Maria.KRATZER@nomail.com',6191),(1201,52017,'Barbara.KUSTER@nomail.com',6151),(1202,52017,'Annemarie.GOLDSCHMIED@nomail.com',6148),(1203,52017,'Lisa.BOYER@nomail.com',6136),(1204,52017,'Debby.JAUTZKE@nomail.com',6122),(1205,52017,'Alexandra.WITTMANN@nomail.com',6120),(1206,52017,'Paula.HORAUER@nomail.com',6064),(1207,52017,'Svenja.HARTENBERGER@nomail.com',6050),(1208,52017,'Silvija.PERAS-Cakara@nomail.com',6050),(1209,52017,'Helene.JOHNSTON@nomail.com',6043),(1210,52017,'Tina.CAKARA@nomail.com',6040),(1211,52017,'Lena.LANSCH?TZER@nomail.com',6039),(1212,52017,'Anja.CAKARA@nomail.com',6019),(1213,52017,'Karin.TULZER@nomail.com',6012),(1214,52017,'Svetlana.UMEROVA@nomail.com',6012),(1215,52017,'Julia.BERTHOLD@nomail.com',6005),(1216,52017,'Karin.HAMMER@nomail.com',5962),(1217,52017,'Laura.BOYER@nomail.com',5862),(1218,52017,'Lisa.ANDR?@nomail.com',5861),(1219,52017,'Tina.VORSTANDLECHNER@nomail.com',5841),(1220,52017,'Pia.PAMMER@nomail.com',5801),(1221,52017,'Kirsteen.MENDOZA@nomail.com',5740),(1222,52017,'Ursula.HINTERKIRCHNER@nomail.com',5649),(1223,52017,'Marlene.HAMEDL@nomail.com',5579),(1224,52017,'Helga.DWORZAK@nomail.com',5560),(1225,52017,'Eli.ZOHMANN@nomail.com',5401),(1226,52017,'Petra.POSTL@nomail.com',5336),(1227,52017,'Eva.LEONHARTSBERGER@nomail.com',5246),(1228,52017,'Petra.TSCH?LL@nomail.com',5147),(1229,52017,'Claudia.SCHIEFER@nomail.com',4069),(1230,52017,'Ferdinand.QUERFELD@nomail.com',8885),(1231,52017,'Christoph.SEIFRIEDSBERGER@nomail.com',8798),(1232,52017,'Christian.P?HRINGER@nomail.com',8600),(1233,52017,'Hannes.AMON@nomail.com',8516),(1234,52017,'Alexander.KRATZER@nomail.com',8504),(1235,52017,'Philipp.BRANDSTETTER@nomail.com',8468),(1236,52017,'Olaf.MORDHORST@nomail.com',8466),(1237,52017,'Ron.KLOBER@nomail.com',8370),(1238,52017,'Robert.GRIESHOFER@nomail.com',8351),(1239,52017,'Georg.MANTLER@nomail.com',8345),(1240,52017,'Florian.NIMMERVOLL@nomail.com',8330),(1241,52017,'Dirk.SEWOHL@nomail.com',8271),(1242,52017,'Alex.FARKAS@nomail.com',8259),(1243,52017,'Paul.MANSTETTEN@nomail.com',8256),(1244,52017,'Martin.ANIMASHAUN@nomail.com',8210),(1245,52017,'Mike.DE-PETRIS@nomail.com',8208),(1246,52017,'Phil.STEKL@nomail.com',8208),(1247,52017,'Pete.SPIVEY@nomail.com',8204),(1248,52017,'Christian.K?NIGSHOFER@nomail.com',8201),(1249,52017,'Bendeguz.BIRO@nomail.com',8181),(1250,52017,'Raimund.HABERL@nomail.com',8154),(1251,52017,'Clemens.L?FFLER@nomail.com',8131),(1252,52017,'Pascal.VELAN@nomail.com',8104),(1253,52017,'Martin.PFAFFENEDER-KMEN@nomail.com',8103),(1254,52017,'Marko.MILODANOVIC@nomail.com',8090),(1255,52017,'Markus.ROSSLER@nomail.com',8073),(1256,52017,'Martin.WANDL@nomail.com',8055),(1257,52017,'Ulf.HARTNER@nomail.com',8048),(1258,52017,'Nikolaus.BEER@nomail.com',8045),(1259,52017,'Andreas.KRAL@nomail.com',8040),(1260,52017,'Florian.WIENERT@nomail.com',8038),(1261,52017,'Rudolph.QUERFELD@nomail.com',8035),(1262,52017,'Hans.K?NG@nomail.com',8033),(1263,52017,'Markus.SCHNEEBERGER@nomail.com',8032),(1264,52017,'Helmut.FR?HLICH@nomail.com',8025),(1265,52017,'Stephan.F?RNKRANZ@nomail.com',8023),(1266,52017,'Martin.BARTH@nomail.com',8010),(1267,52017,'Peter.CHRISTENSEN@nomail.com',8005),(1268,52017,'Bernd.SCHAFFER@nomail.com',7983),(1269,52017,'Maximilian.BR?NIMANN@nomail.com',7960),(1270,52017,'Erich.RIEDER@nomail.com',7959),(1271,52017,'Sebastian.F?RTIG@nomail.com',7936),(1272,52017,'Tibor.VARGA@nomail.com',7924),(1273,52017,'Michael.STANGL@nomail.com',7915),(1274,52017,'Richard.MALOUSEK@nomail.com',7865),(1275,52017,'Robert.MOSEK@nomail.com',7855),(1276,52017,'Mattia.PETERLE@nomail.com',7852),(1277,52017,'Johannes.WEBERNDORFER@nomail.com',7825),(1278,52017,'Walter.AIGNER@nomail.com',7823),(1279,52017,'Richard.SELLINGER@nomail.com',7814),(1280,52017,'Christian.SCHRAMM@nomail.com',7800),(1281,52017,'Hannes.B?HM@nomail.com',7793),(1282,52017,'Walter.VOGEL@nomail.com',7782),(1283,52017,'David.ERKINGER@nomail.com',7781),(1284,52017,'Reinhard.STEINDL@nomail.com',7752),(1285,52017,'Robert.PROKOPP@nomail.com',7731),(1286,52017,'Johannes.GIERING@nomail.com',7666),(1287,52017,'Nikola.CVITAS@nomail.com',7665),(1288,52017,'Hans-Martin.CZICZEK@nomail.com',7640),(1289,52017,'Rudi.ESWEIN@nomail.com',7629),(1290,52017,'Benjamin.SVETINA@nomail.com',7623),(1291,52017,'Robert.HUFNAGEL@nomail.com',7607),(1292,52017,'Paul.T?RKE@nomail.com',7606),(1293,52017,'Alexander.BANFIELD-MUMB@nomail.com',7604),(1294,52017,'Julius.KNOLLE@nomail.com',7573),(1295,52017,'Noah.ROBIBARO@nomail.com',7566),(1296,52017,'Olaf.TEBBE@nomail.com',7561),(1297,52017,'Leonardo.NAUSNER@nomail.com',7555),(1298,52017,'Josef.BERGER@nomail.com',7551),(1299,52017,'Josef.BERTAGNOLI@nomail.com',7500),(1300,52017,'Leonard.HOMBERG@nomail.com',7500),(1301,52017,'Michael.ZWILLINK@nomail.com',7480),(1302,52017,'Helmut.BIENSTOCK@nomail.com',7470),(1303,52017,'David.NEUBAUER@nomail.com',7459),(1304,52017,'Franz.GRATSCH@nomail.com',7410),(1305,52017,'Christian.H?GL@nomail.com',7376),(1306,52017,'Martin.HORAUER@nomail.com',7364),(1307,52017,'Edwin.BOYER@nomail.com',7363),(1308,52017,'Nikolaus.TSCH?P@nomail.com',7363),(1309,52017,'TIM.DWORSCHAK@nomail.com',7351),(1310,52017,'Andreas.BERTHOLD@nomail.com',7331),(1311,52017,'Volker.KUTTELWASCHER@nomail.com',7325),(1312,52017,'Willie.CLOHERTY@nomail.com',7324),(1313,52017,'Dieter.BOYER@nomail.com',7323),(1314,52017,'Thorsten.METZ@nomail.com',7282),(1315,52017,'Christian.ARTNER@nomail.com',7256),(1316,52017,'Milorad.CAKARA@nomail.com',7243),(1317,52017,'Stefan.R?HRLE@nomail.com',7224),(1318,52017,'Markus.PAIER@nomail.com',7215),(1319,52017,'Thomas.GR?NERT@nomail.com',7179),(1320,52017,'Norbert.FREIBERGER@nomail.com',7173),(1321,52017,'Rene.AUM?LLER@nomail.com',7168),(1322,52017,'Martin.B?HM@nomail.com',7161),(1323,52017,'Philipp.BOGDANOV@nomail.com',7149),(1324,52017,'Norbert.HLOBIL@nomail.com',7148),(1325,52017,'Daniel.HAAS@nomail.com',7143),(1326,52017,'Roland.T?RKE@nomail.com',7124),(1327,52017,'Wilhelm.REINDL@nomail.com',7110),(1328,52017,'Erich.TAXER@nomail.com',7096),(1329,52017,'David.MICHELER@nomail.com',7087),(1330,52017,'Wolfgang.WIENERT@nomail.com',7073),(1331,52017,'Erwin.HUBER@nomail.com',7061),(1332,52017,'Refat.SEYDAMETOV@nomail.com',7053),(1333,52017,'Eugen.HRDELICKA@nomail.com',7049),(1334,52017,'Markus.HAUSNER@nomail.com',7043),(1335,52017,'Christoph.KICKER@nomail.com',7043),(1336,52017,'Wolfgang.POINTNER@nomail.com',7031),(1337,52017,'Johannes.FELDSCHER@nomail.com',7029),(1338,52017,'Nikola.POPOVIC@nomail.com',7008),(1339,52017,'Michael.JOHANN@nomail.com',7003),(1340,52017,'Hubert.MOSER@nomail.com',6980),(1341,52017,'Muslim.SULTAN-BEKOW@nomail.com',6954),(1342,52017,'Michael.IRRGANG@nomail.com',6938),(1343,52017,'Armin.KNAUTE@nomail.com',6920),(1344,52017,'Reinhard.PILLER@nomail.com',6902),(1345,52017,'Philipp.GELBMANN@nomail.com',6894),(1346,52017,'R?diger.FOX@nomail.com',6890),(1347,52017,'Jakob.FUCHS@nomail.com',6882),(1348,52017,'Jens.MALLOW@nomail.com',6867),(1349,52017,'Felix.GANSTER@nomail.com',6858),(1350,52017,'Otto.HAJEK@nomail.com',6831),(1351,52017,'Martin.KR?GER@nomail.com',6824),(1352,52017,'Florian.HALMETSCHLEGER@nomail.com',6784),(1353,52017,'Lukas.PLISEK@nomail.com',6770),(1354,52017,'Eric.FREY@nomail.com',6764),(1355,52017,'Philipp.REISINGER@nomail.com',6740),(1356,52017,'Thomas.BERTHOLD@nomail.com',6724),(1357,52017,'Bernhard.VAGO@nomail.com',6714),(1358,52017,'Sven.POHLANDT@nomail.com',6677),(1359,52017,'Dietmar.PUDER@nomail.com',6667),(1360,52017,'Gerhard.GOLDSCHMIED@nomail.com',6642),(1361,52017,'Martin.BANDERA@nomail.com',6641),(1362,52017,'Karl.WAGEMANN@nomail.com',6630),(1363,52017,'Peter.PASECKY@nomail.com',6570),(1364,52017,'Ernst.CHOWANETZ@nomail.com',6530),(1365,52017,'Hans.BORZACCHINI@nomail.com',6480),(1366,52017,'Hannes.ASMERA@nomail.com',6475),(1367,52017,'Wilhelm.TULZER@nomail.com',6408),(1368,52017,'Daniel.BERTHOLD@nomail.com',6400),(1369,52017,'Albert.BANDERA@nomail.com',6332),(1370,52017,'Alex.NEUWIRTH@nomail.com',6326),(1371,52017,'Gerhard.ASMERA@nomail.com',6297),(1372,52017,'Helmut.KUTTELWASCHER@nomail.com',6155),(1373,52017,'Ralph.B?CKLE@nomail.com',6128),(1374,52017,'G?nter.WOCH@nomail.com',6114),(1375,52017,'Alexander.MACHECK@nomail.com',6100),(1376,52017,'Matei.KADREV@nomail.com',6021),(1377,52017,'Herbert.WOCH@nomail.com',5866),(1378,52017,'Alfred.BOLZHUBER@nomail.com',5865),(1379,52017,'Felix.MUSTERMAN@nomail.com',5746),(1380,52017,'Klaus.W?LBLINGER@nomail.com',5709),(1381,52017,'Kurt.SANDH?UGL@nomail.com',5530),(1382,52017,'Ali.GAGARINA@nomail.com',5529),(1383,52017,'Andreas.BERTAGNOLI@nomail.com',5366),(1384,52017,'Alexander.SCHLOSS@nomail.com',5323),(1385,52017,'Stacey.FOSTER@nomail.com',5013),(1386,52017,'Michael.RUTHNER@nomail.com',4266),(1387,52017,'Luca.APFELTHALER@nomail.com',4076),(1388,62017,'Birgit.NEUWIRTH@nomail.com',7811),(1389,62017,'Scarlett.GELLESZUN@nomail.com',7733),(1390,62017,'Elvira.THONHOFER@nomail.com',7478),(1391,62017,'Henriette.RINGLEB@nomail.com',7303),(1392,62017,'Louisa.ALTENHUBER@nomail.com',7168),(1393,62017,'Maya.ELBARANES@nomail.com',7140),(1394,62017,'Angela.SELIC@nomail.com',7111),(1395,62017,'Melanie.WEISS@nomail.com',7094),(1396,62017,'Heidi.HABERL@nomail.com',7077),(1397,62017,'Gerda.G?RIG@nomail.com',7070),(1398,62017,'Orsolya.KLAUSZ@nomail.com',7060),(1399,62017,'Verena.SCHENZINGER@nomail.com',7051),(1400,62017,'Victoria.SLACH@nomail.com',7050),(1401,62017,'Megan.GSCHAIDER@nomail.com',7009),(1402,62017,'Laura.ARNDORFER@nomail.com',7006),(1403,62017,'Tanja.PFLEGER@nomail.com',6994),(1404,62017,'Juliane.HOLLER@nomail.com',6946),(1405,62017,'Dani.BANDERA@nomail.com',6945),(1406,62017,'Eva.LEDERER@nomail.com',6934),(1407,62017,'Meri.BOSNIC@nomail.com',6931),(1408,62017,'Maria.SELIC@nomail.com',6921),(1409,62017,'Heidi.GOLDFARB@nomail.com',6903),(1410,62017,'Claudia.GIACOMAZZI@nomail.com',6883),(1411,62017,'Ivana.BACANOVIC@nomail.com',6877),(1412,62017,'Sylvia.KLEIMANN@nomail.com',6874),(1413,62017,'Lea.SPIERER@nomail.com',6851),(1414,62017,'Elena.LEHRER@nomail.com',6850),(1415,62017,'Clara.BERGER@nomail.com',6812),(1416,62017,'Klara.GMEINBAUER@nomail.com',6811),(1417,62017,'Anne.M?CK@nomail.com',6799),(1418,62017,'Laura.MILENKOVIC@nomail.com',6771),(1419,62017,'Katharina.PFAFF@nomail.com',6760),(1420,62017,'Szilvia.BOROS@nomail.com',6743),(1421,62017,'Ellen.B?LL@nomail.com',6711),(1422,62017,'Andrea.FRAUNSCHIEL@nomail.com',6709),(1423,62017,'Andrea.SAUBERER@nomail.com',6638),(1424,62017,'Caroline.ARNDORFER@nomail.com',6620),(1425,62017,'Eszter.HAUER@nomail.com',6610),(1426,62017,'Elisabeth.BERGER@nomail.com',6593),(1427,62017,'Ina.G?NNER@nomail.com',6576),(1428,62017,'Michaela.BAUMEISTER@nomail.com',6548),(1429,62017,'Claudia.WIENERT@nomail.com',6539),(1430,62017,'Katharina.ESWEIN@nomail.com',6509),(1431,62017,'Karin.WINDL@nomail.com',6502),(1432,62017,'Karina.ZEHETNER@nomail.com',6502),(1433,62017,'Johanna.HIESINGER@nomail.com',6496),(1434,62017,'Ina.LUKL@nomail.com',6482),(1435,62017,'Jaqueline.HERINCS@nomail.com',6453),(1436,62017,'Christine.ROBICSEK@nomail.com',6450),(1437,62017,'Luisa.SEUFERT@nomail.com',6404),(1438,62017,'Doris.SCHREMSER@nomail.com',6393),(1439,62017,'Claudia.FRAUNSCHIEL@nomail.com',6387),(1440,62017,'Laura.BOYER@nomail.com',6339),(1441,62017,'Elisabeth.CZICZEK@nomail.com',6302),(1442,62017,'Silvija.PERAS-Cakara@nomail.com',6275),(1443,62017,'Annemarie.GOLDSCHMIED@nomail.com',6273),(1444,62017,'Tina.CAKARA@nomail.com',6271),(1445,62017,'Hedi.HABERL@nomail.com',6239),(1446,62017,'Barbara.KUSTER@nomail.com',6226),(1447,62017,'Eva-Maria.KRATZER@nomail.com',6221),(1448,62017,'Julia.KEMENTIGER@nomail.com',6202),(1449,62017,'Ines.B?HLING@nomail.com',6197),(1450,62017,'Laura.KERMER@nomail.com',6180),(1451,62017,'Debby.JAUTZKE@nomail.com',6135),(1452,62017,'Marlene.LEHDORFER@nomail.com',6110),(1453,62017,'Lisa.BOYER@nomail.com',6102),(1454,62017,'Paula.HORAUER@nomail.com',6082),(1455,62017,'Helene.JOHNSTON@nomail.com',6076),(1456,62017,'Laura.CORDERO@nomail.com',6067),(1457,62017,'Karin.TULZER@nomail.com',6043),(1458,62017,'Gabriele.GREIMEL@nomail.com',6039),(1459,62017,'Anja.CAKARA@nomail.com',6024),(1460,62017,'Julia.DAXENBICHLER@nomail.com',5954),(1461,62017,'Susanne.ZACH@nomail.com',5898),(1462,62017,'Alexandra.Z?LLSDORF@nomail.com',5888),(1463,62017,'Clara.BURGSTALLER@nomail.com',5886),(1464,62017,'Veronika.ZARZER@nomail.com',5858),(1465,62017,'Sabine.NICOLAUS@nomail.com',5855),(1466,62017,'Sabrina.LISKA@nomail.com',5840),(1467,62017,'Ursula.HINTERKIRCHNER@nomail.com',5830),(1468,62017,'Helga.DWORZAK@nomail.com',5829),(1469,62017,'Kirsteen.MENDOZA@nomail.com',5809),(1470,62017,'Svetlana.UMEROVA@nomail.com',5681),(1471,62017,'Anna.AMBROZY@nomail.com',5642),(1472,62017,'Carola.KORBES@nomail.com',5542),(1473,62017,'Dzenita.HASAGIC@nomail.com',5519),(1474,62017,'Christa.ZEITLHOFER@nomail.com',5406),(1475,62017,'Caro.BUZZI@nomail.com',5324),(1476,62017,'Christina.RADLHERR@nomail.com',5322),(1477,62017,'Sara.GASPARONI@nomail.com',5140),(1478,62017,'Ilse.MEISINGER@nomail.com',5124),(1479,62017,'Petra.POSTL@nomail.com',5006),(1480,62017,'Margreth.LIEBE-KREUTZNER@nomail.com',4643),(1481,62017,'Svetlana.MARKSIMOVITS@nomail.com',4090),(1482,62017,'Lara.ZERZA@nomail.com',3926),(1483,62017,'Rudolph.QUERFELD@nomail.com',8800),(1484,62017,'Christoph.SEIFRIEDSBERGER@nomail.com',8743),(1485,62017,'Ferdinand.QUERFELD@nomail.com',8649),(1486,62017,'Marko.MILODANOVIC@nomail.com',8607),(1487,62017,'Hannes.AMON@nomail.com',8450),(1488,62017,'Olaf.MORDHORST@nomail.com',8418),(1489,62017,'Florian.NIMMERVOLL@nomail.com',8403),(1490,62017,'Thomas.PLOCKE@nomail.com',8381),(1491,62017,'Marco.SENDLHOFER@nomail.com',8371),(1492,62017,'Florian.WIENERT@nomail.com',8365),(1493,62017,'Alex.FARKAS@nomail.com',8361),(1494,62017,'Alexander.BANFIELD-MUMB@nomail.com',8313),(1495,62017,'Bendikt.NEPPL@nomail.com',8299),(1496,62017,'Robert.GRIESHOFER@nomail.com',8293),(1497,62017,'David.DIEL@nomail.com',8230),(1498,62017,'Dirk.SEWOHL@nomail.com',8219),(1499,62017,'Mike.DE-PETRIS@nomail.com',8210),(1500,62017,'Paul.T?RKE@nomail.com',8209),(1501,62017,'Peter.CHRISTENSEN@nomail.com',8204),(1502,62017,'Laszlo.KOKAS@nomail.com',8202),(1503,62017,'Sebastian.F?RTIG@nomail.com',8186),(1504,62017,'Richard.MALOUSEK@nomail.com',8185),(1505,62017,'Raimund.HABERL@nomail.com',8167),(1506,62017,'Paul.MANSTETTEN@nomail.com',8166),(1507,62017,'Pete.SPIVEY@nomail.com',8166),(1508,62017,'Martin.BARTH@nomail.com',8159),(1509,62017,'Ron.KLOBER@nomail.com',8151),(1510,62017,'Bendeguz.BIRO@nomail.com',8129),(1511,62017,'Leo.B?LL@nomail.com',8125),(1512,62017,'Clemens.L?FFLER@nomail.com',8118),(1513,62017,'Ulf.HARTNER@nomail.com',8105),(1514,62017,'Hans.K?NG@nomail.com',8035),(1515,62017,'Mislav.BOBIC@nomail.com',8026),(1516,62017,'Nikola.KRLOVIC@nomail.com',8012),(1517,62017,'Mattia.PETERLE@nomail.com',8005),(1518,62017,'Maximilian.BR?NIMANN@nomail.com',7983),(1519,62017,'Thomas.HIRM@nomail.com',7964),(1520,62017,'Martin.WANDL@nomail.com',7945),(1521,62017,'Oliver.LEHRER@nomail.com',7924),(1522,62017,'Erich.RIEDER@nomail.com',7920),(1523,62017,'robert.WOLFF@nomail.com',7913),(1524,62017,'Phil.STEKL@nomail.com',7906),(1525,62017,'Helmut.FR?HLICH@nomail.com',7898),(1526,62017,'Robert.MOSEK@nomail.com',7896),(1527,62017,'Johannes.GOTSMY@nomail.com',7859),(1528,62017,'Christoph.KICKER@nomail.com',7851),(1529,62017,'Gerald.LESMIKA@nomail.com',7840),(1530,62017,'Manuel.PARG@nomail.com',7817),(1531,62017,'Pascal.VELAN@nomail.com',7790),(1532,62017,'Andreas.KRAL@nomail.com',7785),(1533,62017,'Robert.PROKOPP@nomail.com',7755),(1534,62017,'David.ERKINGER@nomail.com',7736),(1535,62017,'Markus.HAUSNER@nomail.com',7727),(1536,62017,'Antonis.GITSAS@nomail.com',7725),(1537,62017,'Robert.HUFNAGEL@nomail.com',7704),(1538,62017,'Lorin.LEDERER@nomail.com',7690),(1539,62017,'Georg.MANTLER@nomail.com',7678),(1540,62017,'Reinhard.STEINDL@nomail.com',7674),(1541,62017,'Leonardo.NAUSNER@nomail.com',7655),(1542,62017,'Leonard.HOMBERG@nomail.com',7652),(1543,62017,'Hans-Martin.CZICZEK@nomail.com',7649),(1544,62017,'Christian.SCHRAMM@nomail.com',7644),(1545,62017,'Muslim.SULTAN-BEKOW@nomail.com',7639),(1546,62017,'Robert.MAIER@nomail.com',7633),(1547,62017,'Rudi.ESWEIN@nomail.com',7613),(1548,62017,'Nikola.POPOVIC@nomail.com',7608),(1549,62017,'Walter.VOGEL@nomail.com',7607),(1550,62017,'Gert.EBNER@nomail.com',7604),(1551,62017,'Nikolaus.KANDOLF@nomail.com',7572),(1552,62017,'Julius.KNOLLE@nomail.com',7569),(1553,62017,'Helmut.BIENSTOCK@nomail.com',7564),(1554,62017,'Rainer.KALLIANY@nomail.com',7564),(1555,62017,'Benjamin.SVETINA@nomail.com',7545),(1556,62017,'Josef.BERGER@nomail.com',7538),(1557,62017,'Karl.WAGEMANN@nomail.com',7537),(1558,62017,'Martin.PFAFFENEDER-KMEN@nomail.com',7531),(1559,62017,'Norbert.SOLLINGER@nomail.com',7528),(1560,62017,'Gerald.STUMPTNER@nomail.com',7502),(1561,62017,'Josef.BERTAGNOLI@nomail.com',7501),(1562,62017,'Leonhard.RIEMER@nomail.com',7498),(1563,62017,'Martin.HORAUER@nomail.com',7486),(1564,62017,'Franz.GRATSCH@nomail.com',7464),(1565,62017,'Ali.GAGARINA@nomail.com',7451),(1566,62017,'Stefe.WINDROITHER@nomail.com',7451),(1567,62017,'Gerhard.SCHLEIDT@nomail.com',7417),(1568,62017,'Thomas.KOCH@nomail.com',7394),(1569,62017,'Markus.PAIER@nomail.com',7388),(1570,62017,'Volker.KUTTELWASCHER@nomail.com',7344),(1571,62017,'Daniel.HAAS@nomail.com',7326),(1572,62017,'Noah.ROBIBARO@nomail.com',7303),(1573,62017,'Andreas.BERTHOLD@nomail.com',7301),(1574,62017,'Milorad.CAKARA@nomail.com',7283),(1575,62017,'Alexander.KELEMEN@nomail.com',7281),(1576,62017,'Dieter.BOYER@nomail.com',7266),(1577,62017,'Thomas.NEPPL@nomail.com',7266),(1578,62017,'Max.MARINOV@nomail.com',7258),(1579,62017,'David.NEUBAUER@nomail.com',7246),(1580,62017,'Philipp.BOGDANOV@nomail.com',7243),(1581,62017,'Norbert.HLOBIL@nomail.com',7238),(1582,62017,'Edwin.BOYER@nomail.com',7228),(1583,62017,'Martin.B?HM@nomail.com',7219),(1584,62017,'Heimo.HINTERER@nomail.com',7215),(1585,62017,'Norbert.FREIBERGER@nomail.com',7213),(1586,62017,'Max.LEHRER@nomail.com',7186),(1587,62017,'Simon.LEDERER@nomail.com',7179),(1588,62017,'Erwin.HUBER@nomail.com',7165),(1589,62017,'Callum.B?HLER@nomail.com',7160),(1590,62017,'David.MICHELER@nomail.com',7130),(1591,62017,'Lukas.PLISEK@nomail.com',7128),(1592,62017,'Roland.T?RKE@nomail.com',7112),(1593,62017,'Wolfgang.POINTNER@nomail.com',7106),(1594,62017,'Stefan.R?HRLE@nomail.com',7102),(1595,62017,'Attila.SECHSLEHNER@nomail.com',7081),(1596,62017,'Eugen.HRDELICKA@nomail.com',7067),(1597,62017,'Alexander.RAAB@nomail.com',7020),(1598,62017,'Michael.IRRGANG@nomail.com',7016),(1599,62017,'Philipp.GELBMANN@nomail.com',7013),(1600,62017,'Michael.NANDORI@nomail.com',6974),(1601,62017,'Sven.POHLANDT@nomail.com',6965),(1602,62017,'Wolfgang.WIENERT@nomail.com',6962),(1603,62017,'Refat.SEYDAMETOV@nomail.com',6936),(1604,62017,'Denis.KEGL@nomail.com',6926),(1605,62017,'Jakob.FUCHS@nomail.com',6912),(1606,62017,'R?diger.FOX@nomail.com',6908),(1607,62017,'Dietmar.PUDER@nomail.com',6906),(1608,62017,'Albert.BANDERA@nomail.com',6898),(1609,62017,'Jakob.RIEDLER@nomail.com',6897),(1610,62017,'Mehmet.AKIT@nomail.com',6894),(1611,62017,'Felix.GANSTER@nomail.com',6889),(1612,62017,'Eric.FREY@nomail.com',6881),(1613,62017,'Manfred.SEITNER@nomail.com',6878),(1614,62017,'Thomas.BERTHOLD@nomail.com',6856),(1615,62017,'Martin.KR?GER@nomail.com',6855),(1616,62017,'Otto.HAJEK@nomail.com',6831),(1617,62017,'Philipp.REISINGER@nomail.com',6776),(1618,62017,'Daniel.SIEGL@nomail.com',6751),(1619,62017,'Martin.BANDERA@nomail.com',6714),(1620,62017,'Tunc.G?KHAN@nomail.com',6689),(1621,62017,'Erhard.SELIGER@nomail.com',6672),(1622,62017,'Hans.BORZACCHINI@nomail.com',6640),(1623,62017,'Erich.TAXER@nomail.com',6621),(1624,62017,'Gerhard.GOLDSCHMIED@nomail.com',6606),(1625,62017,'Peter.DWORZAK@nomail.com',6575),(1626,62017,'Daniel.BERTHOLD@nomail.com',6571),(1627,62017,'Thomas.B?HLING@nomail.com',6571),(1628,62017,'Janos.HALASZ@nomail.com',6552),(1629,62017,'Victor.HOFMANN@nomail.com',6535),(1630,62017,'Alessandro.CONDORELLI@nomail.com',6450),(1631,62017,'Alex.NEUWIRTH@nomail.com',6402),(1632,62017,'Wolfgang.MASSL@nomail.com',6398),(1633,62017,'Viktor.LUNDIN@nomail.com',6372),(1634,62017,'Sergej.ENNS@nomail.com',6314),(1635,62017,'Edi.RUF@nomail.com',6272),(1636,62017,'Peter.DIVJAK@nomail.com',6267),(1637,62017,'Ernst.CHOWANETZ@nomail.com',6230),(1638,62017,'Wilhelm.TULZER@nomail.com',6230),(1639,62017,'G?nter.WOCH@nomail.com',6176),(1640,62017,'Kurt.SANDH?UGL@nomail.com',6164),(1641,62017,'Fritz.RING@nomail.com',6144),(1642,62017,'G?nther.WOLF@nomail.com',6097),(1643,62017,'Herbert.WOCH@nomail.com',6067),(1644,62017,'Christian.KORBES@nomail.com',6009),(1645,62017,'Alois.LEHBAUER@nomail.com',6003),(1646,62017,'Alex.STOYANOV@nomail.com',5778),(1647,62017,'Julian.WIENERT@nomail.com',5634),(1648,62017,'G?nther.FADERBAUER@nomail.com',5600),(1649,62017,'Helmut.KUTTELWASCHER@nomail.com',5564),(1650,62017,'Aleks.SVETINA@nomail.com',5451),(1651,62017,'Herbert.HENGL@nomail.com',5320),(1652,62017,'Peter.HORAUER@nomail.com',5173),(1653,62017,'Mehmet.SENER@nomail.com',5108),(1654,62017,'Marcus.STEHLIK@nomail.com',5065),(1655,62017,'Luca.APFELTHALER@nomail.com',4410),(1656,62017,'Michael.RUTHNER@nomail.com',4384),(1657,62017,'Paul.ZERZA@nomail.com',4203);
/*!40000 ALTER TABLE `result` ENABLE KEYS */;
UNLOCK TABLES;
/*!40103 SET TIME_ZONE=@OLD_TIME_ZONE */;

/*!40101 SET SQL_MODE=@OLD_SQL_MODE */;
/*!40014 SET FOREIGN_KEY_CHECKS=@OLD_FOREIGN_KEY_CHECKS */;
/*!40014 SET UNIQUE_CHECKS=@OLD_UNIQUE_CHECKS */;
/*!40101 SET CHARACTER_SET_CLIENT=@OLD_CHARACTER_SET_CLIENT */;
/*!40101 SET CHARACTER_SET_RESULTS=@OLD_CHARACTER_SET_RESULTS */;
/*!40101 SET COLLATION_CONNECTION=@OLD_COLLATION_CONNECTION */;
/*!40111 SET SQL_NOTES=@OLD_SQL_NOTES */;

-- Dump completed on 2018-10-31 13:34:55
